project_id,mp_name,state,district,category,work_description,estimated_cost_lakh,sanctioned_amount_lakh,expenditure_lakh,physical_progress_pct,planned_duration_days,elapsed_days,start_date,expected_completion_date,current_status,latitude,longitude,implementing_agency,sanction_overrun_pct,delay_days,delay_pct,max_similarity_pct,similar_project_count,duplicate_signal,category_avg_expenditure_lakh,category_std_expenditure_lakh,spending_zscore,spending_anomaly,cost_score,delay_score,duplicate_score,spending_score,risk_score,risk_level,risk_reasons,isolation_prediction,isolation_flag,isolation_anomaly_score
P1001,Demo MP 1,State A,District A,Community Hall,Construction of community hall at Ward 4,24.0,25.0,23.5,95.0,180,170,2026-01-10,2026-07-09,Completed,13.012,80.221,District Agency A,-6.0,-10,-5.555555555555555,0.0,0.0,False,22.6168,8.88503504026105,0.0994030970050122,False,0.0,0.0,0.0,0.0,0.0,Low,No major anomaly signals detected,1,False,3.16
P1002,Demo MP 1,State A,District A,Road,Construction of internal road at Village North,28.0,30.0,17.0,58.0,210,190,2026-01-15,2026-08-13,In Progress,13.025,80.235,District Agency A,-43.333333333333336,-20,-9.523809523809524,0.0,0.0,False,25.5009375,8.495924396486027,-1.0005900598075057,False,0.0,0.0,0.0,0.0,0.0,Low,No major anomaly signals detected,1,False,18.03
P1003,Demo MP 1,State A,District A,School Building,Construction of additional classrooms at Government School,22.0,22.0,20.5,88.0,200,185,2026-02-01,2026-08-20,In Progress,13.041,80.248,District Agency B,-6.8181818181818175,-15,-7.5,0.0,0.0,False,19.797241379310343,7.108141658163006,0.0988667157304897,False,0.0,0.0,0.0,0.0,0.0,Low,No major anomaly signals detected,1,False,0.49
P1004,Demo MP 2,State A,District B,Community Hall,Construction of community hall in Ward 12,26.0,27.0,43.5,42.0,240,420,2025-07-01,2026-02-26,Delayed,13.112,80.301,District Agency C,61.111111111111114,180,75.0,100.0,2.0,True,22.6168,8.88503504026105,2.350379025560538,True,30.0,30.0,20.0,9.0,89.0,High,High cost overrun of 61.1% above sanctioned amount | Significant execution delay of 75.0% beyond planned duration | Very high work-description similarity detected (100.0%) | Expenditure is notably above the Community Hall category pattern (z-score: 2.35),-1,True,74.9
P1005,Demo MP 2,State A,District B,Road,Construction of village road near Primary Health Centre,31.0,32.0,29.0,91.0,210,200,2026-01-05,2026-08-03,In Progress,13.124,80.312,District Agency C,-9.375,-10,-4.761904761904762,0.0,0.0,False,25.5009375,8.495924396486027,0.4118518876471214,False,0.0,0.0,0.0,0.0,0.0,Low,No major anomaly signals detected,1,False,16.03
P1006,Demo MP 2,State A,District B,Drinking Water,Installation of drinking water pipeline for Village East,18.0,19.0,18.2,96.0,150,145,2026-02-10,2026-07-10,Completed,13.137,80.326,District Agency C,-4.210526315789478,-5,-3.3333333333333335,0.0,0.0,False,16.293666666666667,4.728764862671517,0.4031355731772099,False,0.0,0.0,0.0,0.0,0.0,Low,No major anomaly signals detected,1,False,8.63
P1007,Demo MP 3,State B,District C,Community Hall,Community hall construction at Ward No 12,25.0,26.0,38.0,35.0,240,390,2025-08-01,2026-03-29,Delayed,13.113,80.303,District Agency D,46.15384615384615,150,62.5,0.0,0.0,False,22.6168,8.88503504026105,1.7313606452077686,False,23.08,30.0,0.0,4.88,57.96,Medium,Material cost overrun of 46.2% above sanctioned amount | Significant execution delay of 62.5% beyond planned duration | Expenditure is above the Community Hall category baseline (z-score: 1.73),1,False,52.83
P1008,Demo MP 3,State B,District C,School Building,Construction of two classrooms at Government High School,21.0,21.5,20.0,90.0,180,175,2026-01-20,2026-07-19,In Progress,13.205,80.41,District Agency D,-6.976744186046512,-5,-2.7777777777777777,0.0,0.0,False,19.797241379310343,7.108141658163006,0.0285248424188064,False,0.0,0.0,0.0,0.0,0.0,Low,No major anomaly signals detected,1,False,1.76
P1009,Demo MP 3,State B,District C,Road,Construction of approach road to agricultural market,29.0,30.0,31.5,72.0,210,250,2026-01-18,2026-08-16,In Progress,13.217,80.423,District Agency D,5.0,40,19.047619047619047,0.0,0.0,False,25.5009375,8.495924396486027,0.7061106267001687,False,2.5,9.52,0.0,0.0,12.02,Low,Cost overrun of 5.0% above sanctioned amount | Execution delay of 19.0% beyond planned duration,1,False,31.12
P1010,Demo MP 4,State B,District D,Health Facility,Upgradation of primary health sub-centre,34.0,35.0,33.0,87.0,240,230,2026-01-03,2026-08-31,In Progress,13.301,80.501,District Agency E,-5.714285714285714,-10,-4.166666666666666,0.0,0.0,False,25.37185185185185,9.247370119718044,0.8248991928940695,False,0.0,0.0,0.0,0.0,0.0,Low,No major anomaly signals detected,1,False,35.03
P1011,Demo MP 4,State B,District D,Community Hall,Construction of multipurpose community hall at Ward 12,24.0,25.0,24.2,89.0,180,175,2026-01-08,2026-07-07,In Progress,13.319,80.517,District Agency E,-3.200000000000003,-5,-2.7777777777777777,0.0,0.0,False,22.6168,8.88503504026105,0.1781872545044555,False,0.0,0.0,0.0,0.0,0.0,Low,No major anomaly signals detected,1,False,4.63
P1012,Demo MP 4,State B,District D,Road,Construction of internal village road,27.0,28.0,26.5,92.0,180,178,2026-01-12,2026-07-11,In Progress,13.335,80.529,District Agency E,-5.357142857142857,-2,-1.1111111111111112,0.0,0.0,False,25.5009375,8.495924396486027,0.1175931485940741,False,0.0,0.0,0.0,0.0,0.0,Low,No major anomaly signals detected,1,False,7.32
P1013,Demo MP 5,State C,District E,Community Hall,Construction of community hall at Ward 12 near market,25.0,26.0,41.0,38.0,210,400,2025-07-20,2026-02-15,Delayed,13.412,80.611,District Agency F,57.692307692307686,190,90.47619047619048,0.0,0.0,False,22.6168,8.88503504026105,2.069007034491097,True,28.85,30.0,0.0,7.13,65.98,Medium,Material cost overrun of 57.7% above sanctioned amount | Significant execution delay of 90.5% beyond planned duration | Expenditure is notably above the Community Hall category pattern (z-score: 2.07),1,False,61.18
P1014,Demo MP 5,State C,District E,Drinking Water,Drinking water pipeline extension to rural settlement,17.0,18.0,16.9,94.0,150,148,2026-02-05,2026-07-05,In Progress,13.429,80.624,District Agency F,-6.11111111111112,-2,-1.3333333333333335,0.0,0.0,False,16.293666666666667,4.728764862671517,0.128222347894622,False,0.0,0.0,0.0,0.0,0.0,Low,No major anomaly signals detected,1,False,8.04
P1015,Demo MP 5,State C,District E,School Building,Government school classroom block extension,23.0,24.0,22.0,86.0,210,205,2026-01-25,2026-08-23,In Progress,13.447,80.638,District Agency F,-8.333333333333332,-5,-2.380952380952381,0.0,0.0,False,19.797241379310343,7.108141658163006,0.3098923356655393,False,0.0,0.0,0.0,0.0,0.0,Low,No major anomaly signals detected,1,False,1.05
P0016,Demo MP 8,Tamil Nadu,Coimbatore District,Drinking Water,Water supply improvement work at Coimbatore,14.55,14.4,8.81,67.2,183,178,2025-01-08,2025-07-10,In Progress,10.9793,76.9608,District Agency A,-38.81944444444444,-5,-2.73224043715847,0.0,0.0,False,16.293666666666667,4.728764862671517,-1.5825838002100967,False,0.0,0.0,0.0,0.0,0.0,Low,No major anomaly signals detected,1,False,26.11
P0017,Demo MP 10,Tamil Nadu,Tiruchirappalli District,Road,Improvement of road connecting Tiruchirappalli,32.04,32.14,28.02,95.1,198,130,2026-04-19,2026-11-03,Completed,10.8032,78.7846,District Agency A,-12.818917237087742,-68,-34.34343434343434,100.0,1.0,True,25.5009375,8.495924396486027,0.2965024619383268,False,0.0,0.0,20.0,0.0,20.0,Low,Very high work-description similarity detected (100.0%),1,False,32.84
P0018,Demo MP 3,Tamil Nadu,Coimbatore District,Street Lighting,Street lighting improvement in Coimbatore,12.33,12.76,22.5,78.4,215,222,2026-03-31,2026-11-01,In Progress,11.0018,76.8805,District Agency B,76.33228840125392,7,3.255813953488372,0.0,0.0,False,14.468,6.960790783620301,1.1538918852295348,False,30.0,1.63,0.0,1.03,32.66,Low,High cost overrun of 76.3% above sanctioned amount | Execution delay of 3.3% beyond planned duration | Expenditure is above the Street Lighting category baseline (z-score: 1.15),1,False,51.93
P0019,Demo MP 8,Tamil Nadu,Coimbatore District,Library,Library building improvement at Coimbatore,20.91,20.77,16.68,63.0,206,120,2024-08-09,2025-03-03,In Progress,11.0334,76.9218,District Agency B,-19.69186326432354,-86,-41.74757281553398,0.0,0.0,False,19.273846153846154,8.047959282661948,-0.3222986179159958,False,0.0,0.0,0.0,0.0,0.0,Low,No major anomaly signals detected,1,False,5.97
P0020,Demo MP 9,Madhya Pradesh,Bhopal District,Road,Construction of village road near Bhopal,26.46,28.25,51.23,94.8,236,217,2025-07-29,2026-03-22,In Progress,23.3005,77.4687,District Agency B,81.34513274336283,-19,-8.050847457627118,0.0,0.0,False,25.5009375,8.495924396486027,3.0284005953068176,True,30.0,0.0,0.0,13.52,43.52,Medium,High cost overrun of 81.3% above sanctioned amount | Expenditure is strongly above the Road category pattern (z-score: 3.03),-1,True,65.92
P0021,Demo MP 6,Maharashtra,Nagpur District,Library,Library building improvement at Nagpur,21.28,22.11,22.14,89.5,292,250,2026-05-26,2027-03-14,In Progress,21.0792,79.166,District Agency B,0.13568521031208114,-42,-14.383561643835616,100.0,1.0,True,19.273846153846154,8.047959282661948,0.3561342379463226,False,0.07,0.0,20.0,0.0,20.07,Low,Cost overrun of 0.1% above sanctioned amount | Very high work-description similarity detected (100.0%),1,False,20.47
P0022,Demo MP 1,Odisha,Bhubaneswar District,Road,Construction of village road near Bhubaneswar,30.2,31.09,29.98,92.5,292,179,2025-02-08,2025-11-27,In Progress,20.2631,85.7688,District Agency C,-3.5702798327436454,-113,-38.6986301369863,0.0,0.0,False,25.5009375,8.495924396486027,0.527201313355916,False,0.0,0.0,0.0,0.0,0.0,Low,No major anomaly signals detected,1,False,30.74
P0023,Demo MP 10,Tamil Nadu,Erode District,Road,Construction of village road near Erode,25.28,26.28,41.06,99.2,246,163,2024-12-22,2025-08-25,Completed,11.3694,77.778,District Agency A,56.240487062404874,-83,-33.739837398373986,0.0,0.0,False,25.5009375,8.495924396486027,1.8313560448390216,False,28.12,0.0,0.0,5.54,33.66,Low,Material cost overrun of 56.2% above sanctioned amount | Expenditure is above the Road category baseline (z-score: 1.83),1,False,46.65
P0024,Demo MP 1,Kerala,Thrissur District,Sports Facility,Development of community sports ground at Thrissur,24.09,25.26,24.99,85.4,211,154,2026-06-20,2027-01-17,In Progress,10.5806,76.2869,District Agency A,-1.0688836104513186,-57,-27.014218009478675,100.0,1.0,True,22.43259259259259,8.23601032641813,0.3105153230811492,False,0.0,0.0,20.0,0.0,20.0,Low,Very high work-description similarity detected (100.0%),1,False,17.29
P0025,Demo MP 3,Karnataka,Mysuru District,Sanitation,Improvement of sanitation facilities in Mysuru,15.14,15.95,15.52,60.5,128,126,2024-12-22,2025-04-29,In Progress,12.328,76.7183,District Agency D,-2.6959247648902807,-2,-1.5625,0.0,0.0,False,12.356363636363636,3.614392586069444,0.8752885272700093,False,0.0,0.0,0.0,0.0,0.0,Low,No major anomaly signals detected,1,False,23.58
P0026,Demo MP 7,Maharashtra,Nagpur District,Bus Shelter,Improvement of passenger shelter at Nagpur,11.36,11.98,11.83,89.4,223,169,2025-01-20,2025-08-31,In Progress,21.204,79.0314,District Agency C,-1.2520868113522567,-54,-24.2152466367713,0.0,0.0,False,13.026363636363635,5.457277836548308,-0.2192235162284365,False,0.0,0.0,0.0,0.0,0.0,Low,No major anomaly signals detected,1,False,24.6
P0027,Demo MP 1,Tamil Nadu,Kanchipuram District,School Building,Construction of additional classrooms at Kanchipuram School,23.05,23.73,18.26,58.7,303,250,2026-02-11,2026-12-11,In Progress,12.8223,79.6743,District Agency D,-23.05099030762747,-53,-17.491749174917494,100.0,1.0,True,19.797241379310343,7.108141658163006,-0.2162648767058508,False,0.0,0.0,20.0,0.0,20.0,Low,Very high work-description similarity detected (100.0%),1,False,16.73
P0028,Demo MP 6,Tamil Nadu,Madurai District,Community Hall,Construction of community hall in Madurai,23.69,24.88,14.04,93.0,140,82,2025-12-27,2026-05-16,In Progress,9.9107,78.059,District Agency B,-43.56913183279743,-58,-41.42857142857143,0.0,0.0,False,22.6168,8.88503504026105,-0.9653085172017516,False,0.0,0.0,0.0,0.0,0.0,Low,No major anomaly signals detected,1,False,26.63
P0029,Demo MP 9,Tamil Nadu,Chennai District,Health Facility,Health facility improvement work at Chennai,30.34,31.48,17.69,76.0,299,283,2024-08-17,2025-06-12,In Progress,13.1129,80.3401,District Agency C,-43.80559085133417,-16,-5.351170568561873,100.0,1.0,True,25.37185185185185,9.247370119718044,-0.8307066498259802,False,0.0,0.0,20.0,0.0,20.0,Low,Very high work-description similarity detected (100.0%),1,False,43.58
P0030,Demo MP 9,Madhya Pradesh,Bhopal District,Street Lighting,Street lighting improvement in Bhopal,14.4,14.74,12.1,78.3,139,139,2025-07-22,2025-12-08,In Progress,23.2849,77.3573,District Agency B,-17.910447761194035,0,0.0,0.0,0.0,False,14.468,6.960790783620301,-0.3401912330955601,False,0.0,0.0,0.0,0.0,0.0,Low,No major anomaly signals detected,1,False,12.05
P0031,Demo MP 7,Tamil Nadu,Thanjavur District,Community Hall,Construction of community hall at Ward 12,35.12,35.62,29.8,64.8,250,216,2024-07-01,2025-03-08,In Progress,10.7175,79.0631,District Agency C,-16.3391353172375,-34,-13.600000000000001,100.0,2.0,True,22.6168,8.88503504026105,0.808460514500003,False,0.0,0.0,20.0,0.0,20.0,Low,Very high work-description similarity detected (100.0%),1,False,49.28
P0032,Demo MP 6,Madhya Pradesh,Bhopal District,Community Hall,Construction of community hall in Ward 12,26.92,28.63,17.55,55.2,154,120,2024-06-16,2024-11-17,In Progress,23.3299,77.4232,District Agency B,-38.70066363953894,-34,-22.07792207792208,100.0,2.0,True,22.6168,8.88503504026105,-0.5702622417402565,False,0.0,0.0,20.0,0.0,20.0,Low,Very high work-description similarity detected (100.0%),1,False,21.23
P0033,Demo MP 9,Uttar Pradesh,Lucknow District,Sports Facility,Development of community sports ground at Lucknow,29.0,30.59,27.92,66.3,140,143,2024-08-08,2024-12-26,In Progress,26.8025,80.9379,District Agency C,-8.728342595619477,3,2.142857142857143,0.0,0.0,False,22.43259259259259,8.23601032641813,0.6662700980116307,False,0.0,1.07,0.0,0.0,1.07,Low,Execution delay of 2.1% beyond planned duration,1,False,19.55
P0034,Demo MP 7,Tamil Nadu,Thanjavur District,Drinking Water,Drinking water pipeline and supply system at Thanjavur,15.94,15.33,9.6,81.7,152,108,2024-10-26,2025-03-27,In Progress,10.8551,79.1994,District Agency B,-37.37769080234834,-44,-28.947368421052634,0.0,0.0,False,16.293666666666667,4.728764862671517,-1.415521147922986,False,0.0,0.0,0.0,0.0,0.0,Low,No major anomaly signals detected,1,False,23.68
P0035,Demo MP 3,Kerala,Kochi District,Bus Shelter,Construction of public bus shelter at Kochi,13.17,13.37,7.52,93.0,120,93,2024-10-23,2025-02-20,In Progress,9.8732,76.2544,District Agency B,-43.754674644727,-27,-22.5,100.0,2.0,True,13.026363636363635,5.457277836548308,-1.0089945575954722,False,0.0,0.0,20.0,0.0,20.0,Low,Very high work-description similarity detected (100.0%),1,False,40.71
P0036,Demo MP 3,Rajasthan,Jaipur District,Community Hall,Construction of community hall in Jaipur,26.02,27.18,37.52,60.4,314,218,2025-12-31,2026-11-10,In Progress,26.9876,75.862,District Agency A,38.04267844002945,-96,-30.573248407643312,0.0,0.0,False,22.6168,8.88503504026105,1.677337222922436,False,19.02,0.0,0.0,4.52,23.54,Low,Material cost overrun of 38.0% above sanctioned amount | Expenditure is above the Community Hall category baseline (z-score: 1.68),1,False,46.98
P0037,Demo MP 2,Karnataka,Mysuru District,Sports Facility,Development of playground near Mysuru,23.39,23.35,13.59,63.9,137,120,2025-09-26,2026-02-10,In Progress,12.2634,76.6015,District Agency A,-41.79871520342613,-17,-12.408759124087592,0.0,0.0,False,22.43259259259259,8.23601032641813,-1.073650012825842,False,0.0,0.0,0.0,0.0,0.0,Low,No major anomaly signals detected,1,False,12.63
P0038,Demo MP 8,Tamil Nadu,Tiruchirappalli District,Health Facility,Construction of primary health sub-centre at Tiruchirappalli,28.62,30.27,19.17,66.8,191,107,2024-08-31,2025-03-10,In Progress,10.7643,78.6538,District Agency C,-36.669970267591665,-84,-43.97905759162304,0.0,0.0,False,25.37185185185185,9.247370119718044,-0.6706611470679349,False,0.0,0.0,0.0,0.0,0.0,Low,No major anomaly signals detected,1,False,23.05
P0039,Demo MP 8,Maharashtra,Nagpur District,Library,Library building improvement at Nagpur,19.87,19.56,34.35,65.5,239,147,2026-01-03,2026-08-30,In Progress,21.1924,79.097,District Agency B,75.61349693251536,-92,-38.49372384937239,100.0,1.0,True,19.273846153846154,8.047959282661948,1.873289031001068,False,30.0,0.0,20.0,5.82,55.82,Medium,High cost overrun of 75.6% above sanctioned amount | Very high work-description similarity detected (100.0%) | Expenditure is above the Library category baseline (z-score: 1.87),1,False,55.55
P0040,Demo MP 7,Tamil Nadu,Thanjavur District,Library,Development of reading room at Thanjavur,26.02,27.9,22.03,86.8,123,110,2025-01-30,2025-06-02,In Progress,10.8666,79.1457,District Agency A,-21.039426523297482,-13,-10.569105691056912,0.0,0.0,False,19.273846153846154,8.047959282661948,0.3424661767476313,False,0.0,0.0,0.0,0.0,0.0,Low,No major anomaly signals detected,1,False,16.32
P0041,Demo MP 7,Karnataka,Hubballi District,Bus Shelter,Bus shelter development near Hubballi,14.15,13.6,22.42,57.4,162,298,2026-05-30,2026-11-08,Delayed,15.316,75.0807,District Agency A,64.85294117647061,136,83.9506172839506,0.0,0.0,False,13.026363636363635,5.457277836548308,1.7213044021188737,False,30.0,30.0,0.0,4.81,64.81,Medium,High cost overrun of 64.9% above sanctioned amount | Significant execution delay of 84.0% beyond planned duration | Expenditure is above the Bus Shelter category baseline (z-score: 1.72),-1,True,69.33
P0042,Demo MP 7,Odisha,Bhubaneswar District,Irrigation,Water conservation and irrigation work at Bhubaneswar,22.11,23.25,13.08,74.2,123,92,2026-07-07,2026-11-07,In Progress,20.315,85.764,District Agency C,-43.74193548387097,-31,-25.203252032520325,0.0,0.0,False,17.548571428571428,3.937556558114645,-1.134858982371301,False,0.0,0.0,0.0,0.0,0.0,Low,No major anomaly signals detected,1,False,24.6
P0043,Demo MP 8,Tamil Nadu,Kanchipuram District,Road,Improvement of road connecting Kanchipuram,31.61,31.3,41.77,78.9,155,108,2024-01-12,2024-06-15,In Progress,12.8577,79.7405,District Agency C,33.450479233226844,-47,-30.32258064516129,0.0,0.0,False,25.5009375,8.495924396486027,1.9149255267300875,False,16.73,0.0,0.0,6.1,22.83,Low,Material cost overrun of 33.5% above sanctioned amount | Expenditure is above the Road category baseline (z-score: 1.91),1,False,60.64
P0044,Demo MP 4,Tamil Nadu,Tiruchirappalli District,Library,Development of reading room at Tiruchirappalli,23.87,24.92,22.2,85.2,224,198,2024-07-16,2025-02-25,In Progress,10.7512,78.7477,District Agency C,-10.914927768860363,-26,-11.607142857142858,0.0,0.0,False,19.273846153846154,8.047959282661948,0.3635895440546996,False,0.0,0.0,0.0,0.0,0.0,Low,No major anomaly signals detected,1,False,2.9
P0045,Demo MP 7,Tamil Nadu,Coimbatore District,Sports Facility,Development of community sports ground at Coimbatore,26.86,26.77,45.87,29.7,191,408,2024-03-31,2024-10-08,Delayed,11.0777,76.9881,District Agency A,71.3485244676877,217,113.61256544502618,0.0,0.0,False,22.43259259259259,8.23601032641813,2.845723412005533,True,30.0,30.0,0.0,12.3,72.3,High,High cost overrun of 71.3% above sanctioned amount | Significant execution delay of 113.6% beyond planned duration | Expenditure is notably above the Sports Facility category pattern (z-score: 2.85),-1,True,76.09
P0046,Demo MP 8,Odisha,Bhubaneswar District,Road,Improvement of road connecting Bhubaneswar,30.7,31.37,27.21,98.1,164,171,2024-01-06,2024-06-18,Completed,20.2731,85.8691,District Agency B,-13.261077462543833,7,4.2682926829268295,0.0,0.0,False,25.5009375,8.495924396486027,0.2011626304851396,False,0.0,2.13,0.0,0.0,2.13,Low,Execution delay of 4.3% beyond planned duration,1,False,19.34
P0047,Demo MP 10,Kerala,Kochi District,Health Facility,Construction of primary health sub-centre at Kochi,32.64,34.83,28.64,90.5,126,114,2024-02-09,2024-06-14,In Progress,9.8938,76.2061,District Agency B,-17.77203560149296,-12,-9.523809523809524,0.0,0.0,False,25.37185185185185,9.247370119718044,0.3534137928771252,False,0.0,0.0,0.0,0.0,0.0,Low,No major anomaly signals detected,1,False,33.64
P0048,Demo MP 4,Tamil Nadu,Erode District,Drinking Water,Water supply improvement work at Erode,16.89,17.21,16.63,62.5,183,176,2024-07-28,2025-01-27,In Progress,11.404,77.6438,District Agency A,-3.3701336432306905,-7,-3.825136612021858,0.0,0.0,False,16.293666666666667,4.728764862671517,0.0711249857205462,False,0.0,0.0,0.0,0.0,0.0,Low,No major anomaly signals detected,1,False,6.9
P0049,Demo MP 1,Tamil Nadu,Salem District,Road,Construction of internal road at Salem,27.11,28.63,27.63,67.4,162,122,2024-10-29,2025-04-09,In Progress,11.6744,78.2169,District Agency D,-3.4928396786587497,-40,-24.691358024691358,0.0,0.0,False,25.5009375,8.495924396486027,0.2505980986460513,False,0.0,0.0,0.0,0.0,0.0,Low,No major anomaly signals detected,1,False,13.24
P0050,Demo MP 10,Karnataka,Mysuru District,Library,Development of reading room at Mysuru,21.17,22.71,19.82,95.8,320,265,2025-06-05,2026-04-21,Completed,12.2487,76.6581,District Agency B,-12.725671510347865,-55,-17.1875,0.0,0.0,False,19.273846153846154,8.047959282661948,0.0678624017557404,False,0.0,0.0,0.0,0.0,0.0,Low,No major anomaly signals detected,1,False,16.46
P0051,Demo MP 4,Tamil Nadu,Tiruchirappalli District,Community Hall,Community hall construction near Tiruchirappalli,26.74,28.38,19.06,25.8,300,489,2025-03-29,2026-01-23,Delayed,10.8446,78.7034,District Agency D,-32.8400281888654,189,63.0,100.0,1.0,True,22.6168,8.88503504026105,-0.4003135591343146,False,0.0,30.0,20.0,0.0,50.0,Medium,Significant execution delay of 63.0% beyond planned duration | Very high work-description similarity detected (100.0%),1,False,61.9
P0052,Demo MP 7,Tamil Nadu,Kanchipuram District,Drainage,Drainage improvement work in Kanchipuram,19.47,20.88,19.22,82.3,199,109,2025-04-26,2025-11-11,In Progress,12.8352,79.6821,District Agency D,-7.950191570881227,-90,-45.22613065326633,0.0,0.0,False,17.486666666666665,3.997159408046334,0.4336412828180211,False,0.0,0.0,0.0,0.0,0.0,Low,No major anomaly signals detected,1,False,13.57
P0053,Demo MP 6,Rajasthan,Jaipur District,Library,Construction of public library at Jaipur,22.44,22.87,12.62,70.0,304,298,2025-09-15,2026-07-16,In Progress,26.8508,75.7982,District Agency B,-44.81853957149104,-6,-1.9736842105263157,0.0,0.0,False,19.273846153846154,8.047959282661948,-0.8267743312495146,False,0.0,0.0,0.0,0.0,0.0,Low,No major anomaly signals detected,1,False,27.88
P0054,Demo MP 8,Kerala,Thrissur District,Sanitation,Improvement of sanitation facilities in Thrissur,12.97,13.1,9.79,84.3,207,217,2025-05-10,2025-12-03,In Progress,10.5445,76.1383,District Agency D,-25.26717557251909,10,4.830917874396135,100.0,1.0,True,12.356363636363636,3.614392586069444,-0.7100400897940333,False,0.0,2.42,20.0,0.0,22.42,Low,Execution delay of 4.8% beyond planned duration | Very high work-description similarity detected (100.0%),1,False,21.77
P0055,Demo MP 2,Madhya Pradesh,Bhopal District,Drinking Water,Installation of drinking water facility at Bhopal,16.53,16.04,12.75,58.6,122,97,2025-07-18,2025-11-17,In Progress,23.2498,77.3429,District Agency D,-20.511221945137155,-25,-20.491803278688526,100.0,1.0,True,16.293666666666667,4.728764862671517,-0.7493852558921001,False,0.0,0.0,20.0,0.0,20.0,Low,Very high work-description similarity detected (100.0%),1,False,20.55
P0056,Demo MP 7,Odisha,Bhubaneswar District,Sports Facility,Development of community sports ground at Bhubaneswar,24.24,24.41,20.76,61.6,253,253,2026-07-17,2027-03-27,In Progress,20.2871,85.8939,District Agency D,-14.952888160589916,0,0.0,0.0,0.0,False,22.43259259259259,8.23601032641813,-0.2030828673474971,False,0.0,0.0,0.0,0.0,0.0,Low,No major anomaly signals detected,1,False,3.79
P0057,Demo MP 5,Tamil Nadu,Thanjavur District,Road,Construction of village road near Thanjavur,29.15,28.21,22.53,87.1,139,121,2026-04-13,2026-08-30,In Progress,10.8492,79.1108,District Agency A,-20.134704005671747,-18,-12.949640287769784,0.0,0.0,False,25.5009375,8.495924396486027,-0.3496897290221648,False,0.0,0.0,0.0,0.0,0.0,Low,No major anomaly signals detected,1,False,11.94
P0058,Demo MP 1,Madhya Pradesh,Bhopal District,Sports Facility,Development of playground near Bhopal,27.86,29.45,27.27,76.8,170,140,2025-02-26,2025-08-15,In Progress,23.2334,77.3497,District Agency A,-7.402376910016977,-30,-17.647058823529413,0.0,0.0,False,22.43259259259259,8.23601032641813,0.5873483902625476,False,0.0,0.0,0.0,0.0,0.0,Low,No major anomaly signals detected,1,False,13.11
P0059,Demo MP 3,Karnataka,Hubballi District,Road,Improvement of road connecting Hubballi,27.33,26.72,17.66,69.1,317,297,2025-10-19,2026-09-01,In Progress,15.3955,75.1592,District Agency B,-33.90718562874251,-20,-6.309148264984227,0.0,0.0,False,25.5009375,8.495924396486027,-0.9229057526975012,False,0.0,0.0,0.0,0.0,0.0,Low,No major anomaly signals detected,1,False,26.75
P0060,Demo MP 1,Rajasthan,Jaipur District,Drainage,Construction of storm water drain at Jaipur,18.3,18.04,13.12,65.1,304,292,2024-07-24,2025-05-24,In Progress,26.99,75.8418,District Agency C,-27.272727272727277,-12,-3.9473684210526314,0.0,0.0,False,17.486666666666665,3.997159408046334,-1.09244246248386,False,0.0,0.0,0.0,0.0,0.0,Low,No major anomaly signals detected,1,False,21.92
P0061,Demo MP 10,Bihar,Patna District,Road,Construction of road at Panchayat Road,19.64,19.23,14.55,77.0,300,244,2025-04-08,2026-02-02,In Progress,25.6523,85.1302,District Agency A,-24.336973478939157,-56,-18.666666666666668,100.0,1.0,True,25.5009375,8.495924396486027,-1.2889636240794915,False,0.0,0.0,20.0,0.0,20.0,Low,Very high work-description similarity detected (100.0%),1,False,23.59
P0062,Demo MP 8,Uttar Pradesh,Lucknow District,Road,Construction of road in Panchayat Road,19.43,20.27,17.68,84.2,212,189,2024-05-18,2024-12-16,In Progress,26.8348,80.8851,District Agency A,-12.777503700049333,-23,-10.849056603773585,100.0,1.0,True,25.5009375,8.495924396486027,-0.9205516827850768,False,0.0,0.0,20.0,0.0,20.0,Low,Very high work-description similarity detected (100.0%),1,False,10.63
P0063,Demo MP 10,Uttar Pradesh,Lucknow District,Drinking Water,Installation of drinking water facility at Lucknow,18.95,20.08,20.36,68.2,256,241,2024-03-14,2024-11-25,In Progress,26.9085,80.8859,District Agency D,1.3944223107569778,-15,-5.859375,100.0,2.0,True,16.293666666666667,4.728764862671517,0.8599144705698173,False,0.7,0.0,20.0,0.0,20.7,Low,Cost overrun of 1.4% above sanctioned amount | Very high work-description similarity detected (100.0%),1,False,18.46
P0064,Demo MP 7,Odisha,Bhubaneswar District,School Building,Construction of additional classrooms at Bhubaneswar School,27.05,27.18,45.69,80.2,226,177,2024-05-02,2024-12-14,In Progress,20.2914,85.8387,District Agency D,68.10154525386312,-49,-21.68141592920354,0.0,0.0,False,19.797241379310343,7.108141658163006,3.64269029317309,True,30.0,0.0,0.0,17.62,47.62,Medium,High cost overrun of 68.1% above sanctioned amount | Expenditure is strongly above the School Building category pattern (z-score: 3.64),1,False,61.62
P0065,Demo MP 9,Tamil Nadu,Madurai District,Drainage,Construction of roadside drainage at Madurai,19.66,20.39,12.78,93.1,194,114,2024-08-08,2025-02-18,In Progress,9.9117,78.1575,District Agency C,-37.322216772927916,-80,-41.23711340206185,0.0,0.0,False,17.486666666666665,3.997159408046334,-1.1775028679597026,False,0.0,0.0,0.0,0.0,0.0,Low,No major anomaly signals detected,1,False,15.28
P0066,Demo MP 1,Madhya Pradesh,Indore District,School Building,Construction of additional classrooms at Indore School,21.17,22.73,21.42,60.3,269,227,2025-11-18,2026-08-14,In Progress,22.6844,75.8103,District Agency D,-5.763308402991636,-42,-15.613382899628252,0.0,0.0,False,19.797241379310343,7.108141658163006,0.228295762623987,False,0.0,0.0,0.0,0.0,0.0,Low,No major anomaly signals detected,1,False,3.68
P0067,Demo MP 9,Bihar,Patna District,Drinking Water,Drinking water pipeline and supply system at Patna,21.28,21.5,18.78,41.4,307,667,2024-04-16,2025-02-17,Delayed,25.6547,85.0802,District Agency B,-12.65116279069767,360,117.26384364820848,0.0,0.0,False,16.293666666666667,4.728764862671517,0.5257891659955957,False,0.0,30.0,0.0,0.0,30.0,Low,Significant execution delay of 117.3% beyond planned duration,-1,True,78.26
P0068,Demo MP 4,Tamil Nadu,Tiruchirappalli District,Sports Facility,Development of playground near Tiruchirappalli,29.95,29.29,23.61,65.3,186,146,2024-09-17,2025-03-22,In Progress,10.8686,78.6298,District Agency A,-19.39228405599181,-40,-21.50537634408602,0.0,0.0,False,22.43259259259259,8.23601032641813,0.1429584666292503,False,0.0,0.0,0.0,0.0,0.0,Low,No major anomaly signals detected,1,False,7.95
P0069,Demo MP 9,Rajasthan,Jaipur District,Irrigation,Minor irrigation improvement work at Jaipur,24.32,25.26,20.23,69.9,219,168,2025-06-17,2026-01-22,In Progress,26.9654,75.7333,District Agency C,-19.912905779889158,-51,-23.28767123287671,0.0,0.0,False,17.548571428571428,3.937556558114645,0.6809879507387894,False,0.0,0.0,0.0,0.0,0.0,Low,No major anomaly signals detected,1,False,4.36
P0070,Demo MP 2,Tamil Nadu,Coimbatore District,Community Hall,Construction of community hall in Coimbatore,28.38,28.46,23.66,77.8,294,255,2026-03-15,2027-01-03,In Progress,10.9941,76.9883,District Agency A,-16.865776528460998,-39,-13.26530612244898,0.0,0.0,False,22.6168,8.88503504026105,0.1174109044334564,False,0.0,0.0,0.0,0.0,0.0,Low,No major anomaly signals detected,1,False,13.44
P0071,Demo MP 4,Tamil Nadu,Tiruchirappalli District,Road,Improvement of road connecting Tiruchirappalli,27.66,27.38,17.52,60.5,230,204,2026-05-03,2026-12-19,In Progress,10.8389,78.7676,District Agency D,-36.01168736303871,-26,-11.304347826086957,100.0,1.0,True,25.5009375,8.495924396486027,-0.9393842420844718,False,0.0,0.0,20.0,0.0,20.0,Low,Very high work-description similarity detected (100.0%),1,False,14.81
P0072,Demo MP 8,Bihar,Patna District,Drainage,Construction of roadside drainage at Patna,20.41,20.27,15.6,74.7,176,154,2024-10-03,2025-03-28,In Progress,25.6307,85.1471,District Agency A,-23.038973852984707,-22,-12.5,100.0,1.0,True,17.486666666666665,3.997159408046334,-0.4720018578365377,False,0.0,0.0,20.0,0.0,20.0,Low,Very high work-description similarity detected (100.0%),1,False,9.91
P0073,Demo MP 2,Madhya Pradesh,Indore District,Drinking Water,Drinking water pipeline and supply system at Indore,19.25,18.94,17.58,59.6,206,126,2024-05-27,2024-12-19,In Progress,22.75,75.8983,District Agency A,-7.180570221752919,-80,-38.83495145631068,0.0,0.0,False,16.293666666666667,4.728764862671517,0.2720231118885909,False,0.0,0.0,0.0,0.0,0.0,Low,No major anomaly signals detected,1,False,6.81
P0074,Demo MP 10,Tamil Nadu,Salem District,Bus Shelter,Bus shelter development near Salem,13.1,13.22,9.75,87.4,298,286,2025-07-04,2026-04-28,In Progress,11.6398,78.0881,District Agency C,-26.248108925869897,-12,-4.026845637583892,0.0,0.0,False,13.026363636363635,5.457277836548308,-0.6003659213429224,False,0.0,0.0,0.0,0.0,0.0,Low,No major anomaly signals detected,1,False,28.45
P0075,Demo MP 8,Rajasthan,Jaipur District,Road,Construction of village road near Jaipur,32.13,32.2,22.98,71.9,175,168,2024-09-28,2025-03-22,In Progress,26.8644,75.8,District Agency D,-28.63354037267081,-7,-4.0,0.0,0.0,False,25.5009375,8.495924396486027,-0.2967231559926164,False,0.0,0.0,0.0,0.0,0.0,Low,No major anomaly signals detected,1,False,15.11
P0076,Demo MP 9,Tamil Nadu,Madurai District,Library,Library building improvement at Madurai,24.07,23.37,16.14,80.8,159,147,2026-06-25,2026-12-01,In Progress,9.8516,78.126,District Agency D,-30.937098844672654,-12,-7.547169811320755,0.0,0.0,False,19.273846153846154,8.047959282661948,-0.3893963728913898,False,0.0,0.0,0.0,0.0,0.0,Low,No major anomaly signals detected,1,False,4.5
P0077,Demo MP 3,Tamil Nadu,Coimbatore District,Sanitation,Construction of public sanitation facility at Coimbatore,13.71,13.82,8.89,60.3,179,184,2024-02-25,2024-08-22,In Progress,10.9529,76.996,District Agency D,-35.67293777134587,5,2.793296089385475,0.0,0.0,False,12.356363636363636,3.614392586069444,-0.959044584620846,False,0.0,1.4,0.0,0.0,1.4,Low,Execution delay of 2.8% beyond planned duration,1,False,20.51
P0078,Demo MP 2,Maharashtra,Pune District,Sports Facility,Development of community sports ground at Pune,27.33,29.09,39.06,98.3,243,214,2024-10-12,2025-06-12,Completed,18.4747,73.9095,District Agency C,34.272946029563435,-29,-11.934156378600823,0.0,0.0,False,22.43259259259259,8.23601032641813,2.018866750818989,True,17.14,0.0,0.0,6.79,23.93,Low,Material cost overrun of 34.3% above sanctioned amount | Expenditure is notably above the Sports Facility category pattern (z-score: 2.02),1,False,40.82
P0079,Demo MP 2,Odisha,Bhubaneswar District,Street Lighting,Street lighting improvement in Bhubaneswar,14.43,15.21,11.24,75.9,202,219,2024-03-20,2024-10-08,In Progress,20.2572,85.8919,District Agency D,-26.10124917817226,17,8.415841584158416,0.0,0.0,False,14.468,6.960790783620301,-0.4637404140339813,False,0.0,4.21,0.0,0.0,4.21,Low,Execution delay of 8.4% beyond planned duration,1,False,15.04
P0080,Demo MP 9,Tamil Nadu,Kanchipuram District,Sanitation,Construction of community toilet at Kanchipuram,17.16,17.08,23.95,30.0,245,502,2024-12-11,2025-08-13,Delayed,12.8169,79.6782,District Agency C,40.2224824355972,257,104.89795918367346,0.0,0.0,False,12.356363636363636,3.614392586069444,3.2076306288144907,True,20.11,30.0,0.0,14.72,64.83,Medium,Material cost overrun of 40.2% above sanctioned amount | Significant execution delay of 104.9% beyond planned duration | Expenditure is strongly above the Sanitation category pattern (z-score: 3.21),-1,True,77.07
P0081,Demo MP 1,Kerala,Thrissur District,Sanitation,Improvement of sanitation facilities in Thrissur,14.12,15.24,15.17,70.8,294,299,2026-06-05,2027-03-26,In Progress,10.5679,76.2279,District Agency A,-0.4593175853018392,5,1.7006802721088436,100.0,1.0,True,12.356363636363636,3.614392586069444,0.778453445948471,False,0.0,0.85,20.0,0.0,20.85,Low,Execution delay of 1.7% beyond planned duration | Very high work-description similarity detected (100.0%),1,False,37.87
P0082,Demo MP 7,Tamil Nadu,Erode District,Community Hall,Construction of community hall at Erode,24.06,25.24,19.09,95.2,284,258,2025-12-12,2026-09-22,Completed,11.3214,77.7153,District Agency C,-24.366085578446906,-26,-9.15492957746479,0.0,0.0,False,22.6168,8.88503504026105,-0.3969370952414812,False,0.0,0.0,0.0,0.0,0.0,Low,No major anomaly signals detected,1,False,5.54
P0083,Demo MP 5,Tamil Nadu,Coimbatore District,Bus Shelter,Improvement of passenger shelter at Coimbatore,14.67,14.43,13.43,77.9,259,224,2026-01-19,2026-10-05,In Progress,11.0485,76.956,District Agency C,-6.93000693000693,-35,-13.513513513513514,0.0,0.0,False,13.026363636363635,5.457277836548308,0.0739629492442447,False,0.0,0.0,0.0,0.0,0.0,Low,No major anomaly signals detected,1,False,10.15
P0084,Demo MP 9,Kerala,Thrissur District,Street Lighting,Street lighting improvement in Thrissur,15.56,16.34,14.68,99.6,266,160,2025-04-14,2026-01-05,Completed,10.4684,76.2042,District Agency B,-10.159118727050185,-106,-39.849624060150376,100.0,1.0,True,14.468,6.960790783620301,0.0304563097197038,False,0.0,0.0,20.0,0.0,20.0,Low,Very high work-description similarity detected (100.0%),1,False,16.5
P0085,Demo MP 7,Madhya Pradesh,Bhopal District,Sanitation,Construction of community toilet at Bhopal,14.44,15.55,11.62,68.0,228,200,2024-01-26,2024-09-10,In Progress,23.2435,77.4917,District Agency C,-25.273311897106115,-28,-12.280701754385964,100.0,2.0,True,12.356363636363636,3.614392586069444,-0.2037309503128469,False,0.0,0.0,20.0,0.0,20.0,Low,Very high work-description similarity detected (100.0%),1,False,10.64
P0086,Demo MP 1,Rajasthan,Jaipur District,Drinking Water,Water supply improvement work at Jaipur,14.37,15.2,10.84,55.5,229,334,2025-04-26,2025-12-11,Delayed,26.849,75.7627,District Agency D,-28.68421052631579,105,45.851528384279476,0.0,0.0,False,16.293666666666667,4.728764862671517,-1.1532962253457484,False,0.0,22.93,0.0,0.0,22.93,Low,Material execution delay of 45.9% beyond planned duration,1,False,40.06
P0087,Demo MP 1,Tamil Nadu,Madurai District,Sports Facility,Construction of sports facility at Madurai,25.26,26.22,18.9,62.0,128,107,2025-09-01,2026-01-07,In Progress,9.9224,78.1943,District Agency B,-27.917620137299775,-21,-16.40625,0.0,0.0,False,22.43259259259259,8.23601032641813,-0.4289203695217961,False,0.0,0.0,0.0,0.0,0.0,Low,No major anomaly signals detected,1,False,10.55
P0088,Demo MP 5,Karnataka,Hubballi District,Library,Development of reading room at Hubballi,19.85,20.85,19.61,60.1,173,125,2025-03-25,2025-09-14,In Progress,15.3372,75.2036,District Agency B,-5.947242206235021,-48,-27.74566473988439,0.0,0.0,False,19.273846153846154,8.047959282661948,0.0417688303764204,False,0.0,0.0,0.0,0.0,0.0,Low,No major anomaly signals detected,1,False,4.97
P0089,Demo MP 10,Tamil Nadu,Erode District,Drinking Water,Drinking water pipeline and supply system at Erode,17.2,17.11,15.99,97.3,132,98,2026-04-11,2026-08-21,Completed,11.3512,77.779,District Agency D,-6.545879602571592,-34,-25.757575757575758,0.0,0.0,False,16.293666666666667,4.728764862671517,-0.064216909803189,False,0.0,0.0,0.0,0.0,0.0,Low,No major anomaly signals detected,1,False,11.15
P0090,Demo MP 5,Maharashtra,Pune District,Road,Construction of internal road at Pune,24.93,25.82,20.09,67.3,291,233,2026-02-03,2026-11-21,In Progress,18.4566,73.8888,District Agency D,-22.192099147947328,-58,-19.93127147766323,0.0,0.0,False,25.5009375,8.495924396486027,-0.6368862583379391,False,0.0,0.0,0.0,0.0,0.0,Low,No major anomaly signals detected,1,False,7.67
P0091,Demo MP 5,Tamil Nadu,Chennai District,School Building,Construction of school building at Government Higher Secondary School,13.07,12.84,23.01,60.3,278,191,2025-04-28,2026-01-31,In Progress,13.0962,80.2396,District Agency A,79.20560747663554,-87,-31.294964028776977,100.0,1.0,True,19.797241379310343,7.108141658163006,0.4519829197551396,False,30.0,0.0,20.0,0.0,50.0,Medium,High cost overrun of 79.2% above sanctioned amount | Very high work-description similarity detected (100.0%),1,False,55.83
P0092,Demo MP 10,Tamil Nadu,Thanjavur District,School Building,Construction of school building in Government Higher Secondary School,31.95,34.03,32.17,97.4,251,138,2025-09-03,2026-05-12,Completed,10.825,79.0723,District Agency D,-5.4657655010285024,-113,-45.0199203187251,100.0,1.0,True,19.797241379310343,7.108141658163006,1.740646038825176,False,0.0,0.0,20.0,4.94,24.94,Low,Very high work-description similarity detected (100.0%) | Expenditure is above the School Building category baseline (z-score: 1.74),1,False,57.94
P0093,Demo MP 6,Maharashtra,Pune District,Bus Shelter,Improvement of passenger shelter at Pune,14.88,14.57,10.02,93.3,271,186,2025-06-28,2026-03-26,In Progress,18.5888,73.8531,District Agency C,-31.228551818805773,-85,-31.365313653136536,100.0,1.0,True,13.026363636363635,5.457277836548308,-0.5508907052944075,False,0.0,0.0,20.0,0.0,20.0,Low,Very high work-description similarity detected (100.0%),1,False,15.74
P0094,Demo MP 7,Tamil Nadu,Erode District,Irrigation,Construction of irrigation channel near Erode,19.7,20.85,27.25,90.0,303,319,2025-07-18,2026-05-17,In Progress,11.4014,77.6884,District Agency A,30.695443645083927,16,5.2805280528052805,0.0,0.0,False,17.548571428571428,3.937556558114645,2.46381948506506,True,15.35,2.64,0.0,9.76,27.75,Low,Material cost overrun of 30.7% above sanctioned amount | Execution delay of 5.3% beyond planned duration | Expenditure is notably above the Irrigation category pattern (z-score: 2.46),1,False,51.46
P0095,Demo MP 9,Tamil Nadu,Thanjavur District,Health Facility,Health facility improvement work at Thanjavur,26.9,26.41,19.88,75.6,310,282,2026-05-23,2027-03-29,In Progress,10.8078,79.0718,District Agency B,-24.7254827716774,-28,-9.032258064516128,0.0,0.0,False,25.37185185185185,9.247370119718044,-0.5938825612853593,False,0.0,0.0,0.0,0.0,0.0,Low,No major anomaly signals detected,1,False,17.46
P0096,Demo MP 5,Tamil Nadu,Coimbatore District,Bus Shelter,Construction of public bus shelter at Coimbatore,17.11,17.91,17.4,60.9,213,205,2024-06-04,2025-01-03,In Progress,10.9955,77.0029,District Agency A,-2.8475711892797406,-8,-3.755868544600939,0.0,0.0,False,13.026363636363635,5.457277836548308,0.8014318666983352,False,0.0,0.0,0.0,0.0,0.0,Low,No major anomaly signals detected,1,False,8.66
P0097,Demo MP 3,Bihar,Patna District,School Building,Renovation and extension of classrooms at Patna School,26.03,27.04,17.34,96.6,283,239,2024-04-01,2025-01-09,Completed,25.5924,85.087,District Agency D,-35.87278106508875,-44,-15.547703180212014,100.0,1.0,True,19.797241379310343,7.108141658163006,-0.3456939235993482,False,0.0,0.0,20.0,0.0,20.0,Low,Very high work-description similarity detected (100.0%),1,False,19.06
P0098,Demo MP 10,Odisha,Bhubaneswar District,Health Facility,Health facility improvement work at Bhubaneswar,36.51,36.39,33.76,67.1,265,227,2025-05-23,2026-02-12,In Progress,20.2842,85.8104,District Agency D,-7.227260236328668,-38,-14.339622641509434,0.0,0.0,False,25.37185185185185,9.247370119718044,0.90708472133739,False,0.0,0.0,0.0,0.0,0.0,Low,No major anomaly signals detected,1,False,45.95
P0099,Demo MP 5,Bihar,Patna District,School Building,Renovation and extension of classrooms at Patna School,22.46,22.31,37.04,56.2,172,166,2026-07-04,2026-12-23,In Progress,25.6646,85.196,District Agency B,66.02420439264904,-6,-3.488372093023256,100.0,1.0,True,19.797241379310343,7.108141658163006,2.4257758848809705,True,30.0,0.0,20.0,9.51,59.51,Medium,High cost overrun of 66.0% above sanctioned amount | Very high work-description similarity detected (100.0%) | Expenditure is notably above the School Building category pattern (z-score: 2.43),1,False,56.32
P0100,Demo MP 9,Karnataka,Mysuru District,Street Lighting,Installation of LED street lights at Mysuru,17.08,17.26,9.58,77.5,161,140,2024-03-01,2024-08-09,In Progress,12.2959,76.5983,District Agency A,-44.49594438006953,-21,-13.043478260869565,100.0,1.0,True,14.468,6.960790783620301,-0.7022190656127946,False,0.0,0.0,20.0,0.0,20.0,Low,Very high work-description similarity detected (100.0%),1,False,23.2
P0101,Demo MP 3,Karnataka,Mysuru District,Library,Construction of public library at Mysuru,17.92,17.58,10.38,57.8,296,223,2026-01-17,2026-11-09,In Progress,12.3053,76.6823,District Agency D,-40.9556313993174,-73,-24.66216216216216,0.0,0.0,False,19.273846153846154,8.047959282661948,-1.1051057592955935,False,0.0,0.0,0.0,0.0,0.0,Low,No major anomaly signals detected,1,False,20.03
P0102,Demo MP 2,Kerala,Kochi District,Bus Shelter,Construction of public bus shelter at Kochi,12.81,12.84,7.84,82.4,285,175,2024-08-08,2025-05-20,In Progress,10.0055,76.2296,District Agency A,-38.940809968847354,-110,-38.59649122807017,100.0,2.0,True,13.026363636363635,5.457277836548308,-0.9503572645009358,False,0.0,0.0,20.0,0.0,20.0,Low,Very high work-description similarity detected (100.0%),1,False,28.42
P0103,Demo MP 5,Karnataka,Hubballi District,Irrigation,Construction of irrigation channel near Hubballi,16.52,15.87,13.14,59.1,221,457,2024-09-25,2025-05-04,Delayed,15.3684,75.1321,District Agency A,-17.202268431001883,236,106.78733031674209,0.0,0.0,False,17.548571428571428,3.937556558114645,-1.1196211060095378,False,0.0,30.0,0.0,0.0,30.0,Low,Significant execution delay of 106.8% beyond planned duration,-1,True,63.79
P0104,Demo MP 7,Bihar,Patna District,Sanitation,Improvement of sanitation facilities in Patna,14.22,14.92,9.29,27.9,156,314,2024-04-18,2024-09-21,Delayed,25.5704,85.1036,District Agency A,-37.734584450402146,158,101.28205128205127,0.0,0.0,False,12.356363636363636,3.614392586069444,-0.8483759202533738,False,0.0,30.0,0.0,0.0,30.0,Low,Significant execution delay of 101.3% beyond planned duration,1,False,58.56
P0105,Demo MP 3,Tamil Nadu,Madurai District,Health Facility,Health facility improvement work at Madurai,32.45,33.6,21.56,78.0,266,212,2024-08-08,2025-05-01,In Progress,9.8705,78.152,District Agency D,-35.83333333333334,-54,-20.30075187969925,0.0,0.0,False,25.37185185185185,9.247370119718044,-0.412209287884335,False,0.0,0.0,0.0,0.0,0.0,Low,No major anomaly signals detected,1,False,23.41
P0106,Demo MP 10,Tamil Nadu,Tiruchirappalli District,Sports Facility,Development of community sports ground at Tiruchirappalli,23.88,24.05,19.71,56.4,184,152,2024-02-01,2024-08-03,In Progress,10.7979,78.6642,District Agency D,-18.045738045738045,-32,-17.391304347826086,0.0,0.0,False,22.43259259259259,8.23601032641813,-0.3305717798652464,False,0.0,0.0,0.0,0.0,0.0,Low,No major anomaly signals detected,1,False,0.54
P0107,Demo MP 9,Tamil Nadu,Tiruchirappalli District,Drinking Water,Installation of drinking water facility at Tiruchirappalli,21.39,21.45,20.77,57.8,298,167,2025-07-01,2026-04-25,In Progress,10.8286,78.6319,District Agency A,-3.170163170163169,-131,-43.95973154362416,0.0,0.0,False,16.293666666666667,4.728764862671517,0.9466178723897104,False,0.0,0.0,0.0,0.0,0.0,Low,No major anomaly signals detected,1,False,21.86
P0108,Demo MP 8,Rajasthan,Jaipur District,Bus Shelter,Improvement of passenger shelter at Jaipur,12.39,12.06,9.45,82.9,148,82,2024-11-19,2025-04-16,In Progress,26.8452,75.8305,District Agency B,-21.64179104477613,-66,-44.5945945945946,0.0,0.0,False,13.026363636363635,5.457277836548308,-0.6553383836190503,False,0.0,0.0,0.0,0.0,0.0,Low,No major anomaly signals detected,1,False,34.52
P0109,Demo MP 4,Tamil Nadu,Coimbatore District,Drainage,Construction of storm water drain at Coimbatore,21.12,20.96,20.14,89.6,263,235,2025-04-18,2026-01-06,In Progress,10.942,77.033,District Agency C,-3.912213740458016,-28,-10.646387832699618,0.0,0.0,False,17.486666666666665,3.997159408046334,0.663804732929125,False,0.0,0.0,0.0,0.0,0.0,Low,No major anomaly signals detected,1,False,5.91
P0110,Demo MP 8,Madhya Pradesh,Bhopal District,Sports Facility,Construction of sports facility at Bhopal,24.99,25.31,32.91,23.8,169,360,2024-01-31,2024-07-18,Delayed,23.3218,77.3992,District Agency A,30.027657052548395,191,113.01775147928994,0.0,0.0,False,22.43259259259259,8.23601032641813,1.2721459775007429,False,15.01,30.0,0.0,1.81,46.82,Medium,Material cost overrun of 30.0% above sanctioned amount | Significant execution delay of 113.0% beyond planned duration | Expenditure is above the Sports Facility category baseline (z-score: 1.27),-1,True,65.71
P0111,Demo MP 9,Madhya Pradesh,Indore District,Sanitation,Construction of public sanitation facility at Indore,14.52,15.21,13.82,30.0,129,207,2025-06-18,2025-10-25,Delayed,22.6973,75.8327,District Agency C,-9.138724523339912,78,60.46511627906976,100.0,1.0,True,12.356363636363636,3.614392586069444,0.4049467037082517,False,0.0,30.0,20.0,0.0,50.0,Medium,Significant execution delay of 60.5% beyond planned duration | Very high work-description similarity detected (100.0%),1,False,43.76
P0112,Demo MP 4,Maharashtra,Pune District,Bus Shelter,Construction of public bus shelter at Pune,14.31,14.2,13.09,82.3,176,145,2025-01-15,2025-07-10,In Progress,18.4642,73.9306,District Agency B,-7.8169014084507005,-31,-17.613636363636363,0.0,0.0,False,13.026363636363635,5.457277836548308,0.0116608253312999,False,0.0,0.0,0.0,0.0,0.0,Low,No major anomaly signals detected,1,False,9.68
P0113,Demo MP 1,Karnataka,Mysuru District,Irrigation,Minor irrigation improvement work at Mysuru,20.82,20.1,19.82,87.6,277,233,2026-01-21,2026-10-25,In Progress,12.2737,76.6112,District Agency D,-1.3930348258706524,-44,-15.884476534296029,0.0,0.0,False,17.548571428571428,3.937556558114645,0.5768624622667422,False,0.0,0.0,0.0,0.0,0.0,Low,No major anomaly signals detected,1,False,7.25
P0114,Demo MP 7,Tamil Nadu,Chennai District,Road,Road strengthening work at Chennai,26.77,28.68,26.53,55.5,210,120,2024-02-15,2024-09-12,In Progress,13.0262,80.2924,District Agency C,-7.496513249651319,-90,-42.857142857142854,0.0,0.0,False,25.5009375,8.495924396486027,0.1211242534627108,False,0.0,0.0,0.0,0.0,0.0,Low,No major anomaly signals detected,1,False,20.87
P0115,Demo MP 1,Bihar,Patna District,School Building,Construction of additional classrooms at Patna School,24.89,24.76,19.92,72.6,132,124,2024-02-13,2024-06-24,In Progress,25.5868,85.126,District Agency C,-19.547657512116317,-8,-6.0606060606060606,0.0,0.0,False,19.797241379310343,7.108141658163006,0.0172701426889374,False,0.0,0.0,0.0,0.0,0.0,Low,No major anomaly signals detected,1,False,6.16
P0116,Demo MP 3,Karnataka,Hubballi District,Community Hall,Community hall construction near Hubballi,25.62,26.86,18.22,62.4,157,150,2024-11-26,2025-05-02,In Progress,15.3795,75.1889,District Agency A,-32.16679076693969,-7,-4.45859872611465,0.0,0.0,False,22.6168,8.88503504026105,-0.4948545481336466,False,0.0,0.0,0.0,0.0,0.0,Low,No major anomaly signals detected,1,False,6.63
P0117,Demo MP 4,Kerala,Kochi District,Community Hall,Construction of community hall in Kochi,25.54,25.78,17.83,56.6,256,165,2026-07-13,2027-03-26,In Progress,9.9353,76.2415,District Agency B,-30.837858805275413,-91,-35.546875,0.0,0.0,False,22.6168,8.88503504026105,-0.5387485787404794,False,0.0,0.0,0.0,0.0,0.0,Low,No major anomaly signals detected,1,False,6.95
P0118,Demo MP 8,Karnataka,Mysuru District,Road,Road strengthening work at Mysuru,26.91,26.12,15.02,80.4,268,245,2024-08-01,2025-04-26,In Progress,12.2974,76.6906,District Agency D,-42.496171516079635,-23,-8.582089552238806,0.0,0.0,False,25.5009375,8.495924396486027,-1.2336429811375191,False,0.0,0.0,0.0,0.0,0.0,Low,No major anomaly signals detected,1,False,16.01
P0119,Demo MP 3,Uttar Pradesh,Lucknow District,Drinking Water,Installation of drinking water facility at Lucknow,16.1,17.23,24.41,49.9,241,488,2025-01-30,2025-09-28,Delayed,26.7919,80.9737,District Agency B,41.67150319210679,247,102.48962655601659,100.0,2.0,True,16.293666666666667,4.728764862671517,1.7163749031809563,False,20.84,30.0,20.0,4.78,75.62,High,Material cost overrun of 41.7% above sanctioned amount | Significant execution delay of 102.5% beyond planned duration | Very high work-description similarity detected (100.0%) | Expenditure is above the Drinking Water category baseline (z-score: 1.72),-1,True,70.2
P0120,Demo MP 9,Tamil Nadu,Chennai District,Library,Development of reading room at Chennai,21.46,21.43,19.08,73.7,277,265,2025-01-28,2025-11-01,In Progress,13.0534,80.247,District Agency B,-10.965935604293053,-12,-4.332129963898916,0.0,0.0,False,19.273846153846154,8.047959282661948,-0.0240863735809109,False,0.0,0.0,0.0,0.0,0.0,Low,No major anomaly signals detected,1,False,6.29
P0121,Demo MP 9,Madhya Pradesh,Indore District,Drinking Water,Construction of drinking water at Village Main Street,19.42,19.84,14.9,77.1,179,115,2024-12-03,2025-05-31,In Progress,22.7695,75.9021,District Agency A,-24.899193548387093,-64,-35.754189944134076,100.0,1.0,True,16.293666666666667,4.728764862671517,-0.2947210756170511,False,0.0,0.0,20.0,0.0,20.0,Low,Very high work-description similarity detected (100.0%),1,False,12.29
P0122,Demo MP 4,Madhya Pradesh,Bhopal District,Drinking Water,Construction of drinking water in Village Main Street,24.96,25.79,21.54,99.4,294,289,2025-02-18,2025-12-09,Completed,23.3336,77.3829,District Agency C,-16.47925552539744,-5,-1.7006802721088436,100.0,1.0,True,16.293666666666667,4.728764862671517,1.1094510904417043,False,0.0,0.0,20.0,0.73,20.73,Low,Very high work-description similarity detected (100.0%) | Expenditure is above the Drinking Water category baseline (z-score: 1.11),1,False,28.75
P0123,Demo MP 4,Kerala,Kochi District,Street Lighting,Street lighting improvement in Kochi,14.14,14.81,11.26,56.7,202,173,2024-10-25,2025-05-15,In Progress,9.998,76.2507,District Agency D,-23.97029034436192,-29,-14.356435643564355,100.0,1.0,True,14.468,6.960790783620301,-0.4608671772679715,False,0.0,0.0,20.0,0.0,20.0,Low,Very high work-description similarity detected (100.0%),1,False,10.11
P0124,Demo MP 9,Karnataka,Mysuru District,Health Facility,Health facility improvement work at Mysuru,36.62,36.55,65.37,57.4,280,257,2025-11-18,2026-08-25,In Progress,12.3736,76.6148,District Agency C,78.85088919288648,-23,-8.214285714285714,100.0,1.0,True,25.37185185185185,9.247370119718044,4.325353871460237,True,30.0,0.0,20.0,20.0,70.0,High,High cost overrun of 78.9% above sanctioned amount | Very high work-description similarity detected (100.0%) | Expenditure is strongly above the Health Facility category pattern (z-score: 4.33),-1,True,100.0
P0125,Demo MP 10,Maharashtra,Pune District,Drainage,Construction of roadside drainage at Pune,19.75,21.04,18.27,94.3,142,124,2024-01-12,2024-06-02,In Progress,18.467,73.8118,District Agency D,-13.165399239543724,-18,-12.676056338028168,0.0,0.0,False,17.486666666666665,3.997159408046334,0.1959725028119906,False,0.0,0.0,0.0,0.0,0.0,Low,No major anomaly signals detected,1,False,3.77
P0126,Demo MP 5,Odisha,Bhubaneswar District,Road,Road strengthening work at Bhubaneswar,27.45,27.69,25.98,81.4,222,206,2024-02-27,2024-10-06,In Progress,20.3187,85.8439,District Agency B,-6.175514626218854,-16,-7.207207207207207,0.0,0.0,False,25.5009375,8.495924396486027,0.0563873308710403,False,0.0,0.0,0.0,0.0,0.0,Low,No major anomaly signals detected,1,False,4.95
P0127,Demo MP 2,Tamil Nadu,Madurai District,Drinking Water,Water supply improvement work at Madurai,21.32,20.95,17.38,55.2,215,118,2026-05-22,2026-12-23,In Progress,9.8876,78.1335,District Agency C,-17.04057279236277,-97,-45.11627906976744,100.0,1.0,True,16.293666666666667,4.728764862671517,0.2297287695374237,False,0.0,0.0,20.0,0.0,20.0,Low,Very high work-description similarity detected (100.0%),1,False,15.49
P0128,Demo MP 5,Uttar Pradesh,Lucknow District,Irrigation,Construction of irrigation channel near Lucknow,21.95,22.2,18.31,77.2,140,83,2025-12-11,2026-04-30,In Progress,26.7846,80.8969,District Agency B,-17.522522522522525,-57,-40.714285714285715,100.0,1.0,True,17.548571428571428,3.937556558114645,0.193375907162373,False,0.0,0.0,20.0,0.0,20.0,Low,Very high work-description similarity detected (100.0%),1,False,26.48
P0129,Demo MP 4,Kerala,Thrissur District,Drainage,Drainage improvement work in Thrissur,17.34,17.43,14.71,66.2,308,313,2026-06-18,2027-04-22,In Progress,10.4645,76.2493,District Agency B,-15.605278255880659,5,1.6233766233766231,0.0,0.0,False,17.486666666666665,3.997159408046334,-0.6946599780527135,False,0.0,0.81,0.0,0.0,0.81,Low,Execution delay of 1.6% beyond planned duration,1,False,24.72
P0130,Demo MP 10,Rajasthan,Jaipur District,Library,Library building improvement at Jaipur,20.48,21.91,16.86,76.3,144,125,2025-09-18,2026-02-09,In Progress,26.9605,75.8578,District Agency C,-23.048836147877687,-19,-13.194444444444445,0.0,0.0,False,19.273846153846154,8.047959282661948,-0.2999326995908644,False,0.0,0.0,0.0,0.0,0.0,Low,No major anomaly signals detected,1,False,3.63
P0131,Demo MP 3,Tamil Nadu,Salem District,Sports Facility,Construction of sports facility at Salem,29.13,29.5,17.15,90.5,203,143,2025-06-23,2026-01-12,In Progress,11.6269,78.2113,District Agency B,-41.864406779661024,-60,-29.55665024630542,0.0,0.0,False,22.43259259259259,8.23601032641813,-0.6414018903847114,False,0.0,0.0,0.0,0.0,0.0,Low,No major anomaly signals detected,1,False,16.13
P0132,Demo MP 1,Karnataka,Mysuru District,Street Lighting,Installation of LED street lights at Mysuru,12.83,13.75,10.83,76.4,133,121,2025-02-01,2025-06-14,In Progress,12.2721,76.5819,District Agency A,-21.236363636363638,-12,-9.022556390977442,100.0,1.0,True,14.468,6.960790783620301,-0.5226417677371822,False,0.0,0.0,20.0,0.0,20.0,Low,Very high work-description similarity detected (100.0%),1,False,20.5
P0133,Demo MP 5,Tamil Nadu,Kanchipuram District,Sports Facility,Development of playground near Kanchipuram,23.69,24.32,14.84,95.2,166,171,2026-03-20,2026-09-02,Completed,12.7887,79.6711,District Agency B,-38.98026315789474,5,3.0120481927710845,0.0,0.0,False,22.43259259259259,8.23601032641813,-0.9218774979237596,False,0.0,1.51,0.0,0.0,1.51,Low,Execution delay of 3.0% beyond planned duration,1,False,14.05
P0134,Demo MP 9,Tamil Nadu,Salem District,Sanitation,Construction of community toilet at Salem,17.36,18.43,13.04,91.1,125,108,2024-09-14,2025-01-17,In Progress,11.6436,78.2185,District Agency A,-29.245794899620186,-17,-13.600000000000001,0.0,0.0,False,12.356363636363636,3.614392586069444,0.1891428081916801,False,0.0,0.0,0.0,0.0,0.0,Low,No major anomaly signals detected,1,False,14.38
P0135,Demo MP 4,Maharashtra,Pune District,Health Facility,Construction of primary health sub-centre at Pune,28.67,30.57,20.04,84.8,130,96,2024-11-25,2025-04-04,In Progress,18.4905,73.7921,District Agency D,-34.44553483807655,-34,-26.153846153846157,0.0,0.0,False,25.37185185185185,9.247370119718044,-0.5765803447709761,False,0.0,0.0,0.0,0.0,0.0,Low,No major anomaly signals detected,1,False,21.51
P0136,Demo MP 3,Maharashtra,Nagpur District,Sports Facility,Construction of sports facility at Nagpur,29.75,28.82,24.54,75.0,147,148,2025-08-01,2025-12-26,In Progress,21.2133,79.0764,District Agency C,-14.850798056904932,1,0.6802721088435374,0.0,0.0,False,22.43259259259259,8.23601032641813,0.2558772177163996,False,0.0,0.34,0.0,0.0,0.34,Low,Execution delay of 0.7% beyond planned duration,1,False,12.45
P0137,Demo MP 7,Karnataka,Mysuru District,Community Hall,Construction of community hall in Mysuru,24.83,23.98,14.89,85.2,155,146,2024-10-17,2025-03-21,In Progress,12.2472,76.6731,District Agency A,-37.90658882402001,-9,-5.806451612903226,0.0,0.0,False,22.6168,8.88503504026105,-0.8696420402381415,False,0.0,0.0,0.0,0.0,0.0,Low,No major anomaly signals detected,1,False,9.15
P0138,Demo MP 10,Tamil Nadu,Chennai District,School Building,Renovation and extension of classrooms at Chennai School,19.51,20.74,12.01,72.7,253,140,2026-07-10,2027-03-20,In Progress,13.1626,80.2638,District Agency D,-42.092574734811954,-113,-44.66403162055336,100.0,1.0,True,19.797241379310343,7.108141658163006,-1.095538293101891,False,0.0,0.0,20.0,0.0,20.0,Low,Very high work-description similarity detected (100.0%),1,False,27.21
P0139,Demo MP 6,Kerala,Thrissur District,Community Hall,Construction of community hall at Thrissur,26.7,25.82,18.26,79.9,174,102,2025-02-02,2025-07-26,In Progress,10.4662,76.2588,District Agency A,-29.279628195197517,-72,-41.37931034482759,0.0,0.0,False,22.6168,8.88503504026105,-0.4903525962765353,False,0.0,0.0,0.0,0.0,0.0,Low,No major anomaly signals detected,1,False,12.82
P0140,Demo MP 4,Uttar Pradesh,Lucknow District,Library,Construction of public library at Lucknow,22.36,23.59,15.22,75.4,228,180,2025-09-27,2026-05-13,In Progress,26.8692,80.9039,District Agency C,-35.48113607460788,-48,-21.052631578947366,0.0,0.0,False,19.273846153846154,8.047959282661948,-0.5037110665531723,False,0.0,0.0,0.0,0.0,0.0,Low,No major anomaly signals detected,1,False,3.32
P0141,Demo MP 3,Tamil Nadu,Kanchipuram District,Health Facility,Construction of patient waiting area at Kanchipuram Health Centre,32.63,33.38,19.05,58.6,254,262,2024-12-28,2025-09-08,In Progress,12.8891,79.6921,District Agency B,-42.92989814260036,8,3.149606299212598,0.0,0.0,False,25.37185185185185,9.247370119718044,-0.6836378094537224,False,0.0,1.57,0.0,0.0,1.57,Low,Execution delay of 3.1% beyond planned duration,1,False,31.56
P0142,Demo MP 2,Kerala,Kochi District,Bus Shelter,Construction of public bus shelter at Kochi,11.58,11.29,9.25,76.5,273,195,2025-12-06,2026-09-05,In Progress,9.8924,76.278,District Agency D,-18.069087688219657,-78,-28.57142857142857,100.0,2.0,True,13.026363636363635,5.457277836548308,-0.6919866918031353,False,0.0,0.0,20.0,0.0,20.0,Low,Very high work-description similarity detected (100.0%),1,False,25.72
P0143,Demo MP 5,Tamil Nadu,Salem District,Drainage,Construction of storm water drain at Salem,24.04,24.93,17.83,64.1,213,132,2024-07-15,2025-02-13,In Progress,11.6225,78.1762,District Agency B,-28.479743281187332,-81,-38.028169014084504,0.0,0.0,False,17.486666666666665,3.997159408046334,0.0858943310197234,False,0.0,0.0,0.0,0.0,0.0,Low,No major anomaly signals detected,1,False,7.44
P0144,Demo MP 3,Maharashtra,Pune District,School Building,Construction of school building at Pune,23.6,24.72,15.37,33.8,143,232,2024-11-04,2025-03-27,Delayed,18.4999,73.8527,District Agency A,-37.823624595469255,89,62.23776223776224,0.0,0.0,False,19.797241379310343,7.108141658163006,-0.6228409044473802,False,0.0,30.0,0.0,0.0,30.0,Low,Significant execution delay of 62.2% beyond planned duration,1,False,34.64
P0145,Demo MP 8,Tamil Nadu,Erode District,School Building,Renovation and extension of classrooms at Erode School,21.43,21.59,18.34,73.2,268,152,2025-05-14,2026-02-06,In Progress,11.2807,77.7641,District Agency A,-15.05326540064845,-116,-43.28358208955223,100.0,2.0,True,19.797241379310343,7.108141658163006,-0.2050101769759817,False,0.0,0.0,20.0,0.0,20.0,Low,Very high work-description similarity detected (100.0%),1,False,14.89
P0146,Demo MP 2,Maharashtra,Nagpur District,Irrigation,Water conservation and irrigation work at Nagpur,18.99,19.78,13.15,64.3,175,122,2024-10-16,2025-04-09,In Progress,21.0927,79.0363,District Agency B,-33.51870576339737,-53,-30.28571428571429,0.0,0.0,False,17.548571428571428,3.937556558114645,-1.117081459949244,False,0.0,0.0,0.0,0.0,0.0,Low,No major anomaly signals detected,1,False,8.91
P0147,Demo MP 9,Tamil Nadu,Salem District,Street Lighting,Installation of LED street lights at Salem,14.09,14.69,25.48,51.5,263,484,2024-02-24,2024-11-13,Delayed,11.5953,78.0967,District Agency C,73.45132743362834,221,84.03041825095056,100.0,1.0,True,14.468,6.960790783620301,1.5820041633649946,False,30.0,30.0,20.0,3.88,83.88,High,High cost overrun of 73.5% above sanctioned amount | Significant execution delay of 84.0% beyond planned duration | Very high work-description similarity detected (100.0%) | Expenditure is above the Street Lighting category baseline (z-score: 1.58),-1,True,75.81
P0148,Demo MP 4,Uttar Pradesh,Lucknow District,Drinking Water,Drinking water pipeline and supply system at Lucknow,17.58,17.63,12.89,71.8,281,216,2026-02-11,2026-11-19,In Progress,26.7797,81.0086,District Agency D,-26.885989790130456,-65,-23.131672597864767,0.0,0.0,False,16.293666666666667,4.728764862671517,-0.7197792162462828,False,0.0,0.0,0.0,0.0,0.0,Low,No major anomaly signals detected,1,False,6.56
P0149,Demo MP 5,Karnataka,Mysuru District,Drinking Water,Drinking water pipeline and supply system at Mysuru,19.43,19.7,19.48,61.3,207,193,2025-09-27,2026-04-22,In Progress,12.251,76.5596,District Agency D,-1.1167512690355272,-14,-6.763285024154589,0.0,0.0,False,16.293666666666667,4.728764862671517,0.6738193642246812,False,0.0,0.0,0.0,0.0,0.0,Low,No major anomaly signals detected,1,False,5.09
P0150,Demo MP 9,Kerala,Thrissur District,Bus Shelter,Bus shelter development near Thrissur,12.81,12.81,9.62,83.9,178,127,2026-07-12,2027-01-06,In Progress,10.5167,76.1923,District Agency D,-24.902419984387205,-51,-28.651685393258425,100.0,1.0,True,13.026363636363635,5.457277836548308,-0.624187321662578,False,0.0,0.0,20.0,0.0,20.0,Low,Very high work-description similarity detected (100.0%),1,False,18.94
P0151,Demo MP 10,Uttar Pradesh,Lucknow District,Health Facility,Construction of health facility at Primary Health Centre,14.33,14.58,23.52,92.8,259,204,2024-02-12,2024-10-28,In Progress,26.771,80.9485,District Agency A,61.31687242798354,-55,-21.235521235521233,100.0,1.0,True,25.37185185185185,9.247370119718044,-0.2002571355831397,False,30.0,0.0,20.0,0.0,50.0,Medium,High cost overrun of 61.3% above sanctioned amount | Very high work-description similarity detected (100.0%),1,False,40.94
P0152,Demo MP 2,Kerala,Kochi District,Health Facility,Construction of health facility in Primary Health Centre,29.67,28.49,22.65,79.5,204,138,2026-02-10,2026-09-02,In Progress,9.9226,76.2983,District Agency C,-20.4984204984205,-66,-32.35294117647059,100.0,1.0,True,25.37185185185185,9.247370119718044,-0.2943379378800989,False,0.0,0.0,20.0,0.0,20.0,Low,Very high work-description similarity detected (100.0%),1,False,17.38
P0153,Demo MP 3,Madhya Pradesh,Bhopal District,Drinking Water,Installation of drinking water facility at Bhopal,17.2,17.46,30.63,92.2,259,245,2024-04-25,2025-01-09,In Progress,23.1885,77.4775,District Agency D,75.42955326460479,-14,-5.405405405405405,100.0,1.0,True,16.293666666666667,4.728764862671517,3.0317289503022606,True,30.0,0.0,20.0,13.54,63.54,Medium,High cost overrun of 75.4% above sanctioned amount | Very high work-description similarity detected (100.0%) | Expenditure is strongly above the Drinking Water category pattern (z-score: 3.03),1,False,55.45
P0154,Demo MP 2,Bihar,Patna District,Road,Construction of village road near Patna,27.52,27.13,16.42,84.5,257,193,2024-07-02,2025-03-16,In Progress,25.5785,85.1536,District Agency B,-39.47659417618871,-64,-24.90272373540856,100.0,1.0,True,25.5009375,8.495924396486027,-1.0688580872678124,False,0.0,0.0,20.0,0.0,20.0,Low,Very high work-description similarity detected (100.0%),1,False,20.6
P0155,Demo MP 8,Tamil Nadu,Erode District,School Building,Renovation and extension of classrooms at Erode School,18.95,19.99,18.65,89.8,175,150,2025-09-16,2026-03-10,In Progress,11.4072,77.7183,District Agency D,-6.7033516758379195,-25,-14.285714285714285,100.0,2.0,True,19.797241379310343,7.108141658163006,-0.1613982155227384,False,0.0,0.0,20.0,0.0,20.0,Low,Very high work-description similarity detected (100.0%),1,False,10.3
P0156,Demo MP 1,Tamil Nadu,Chennai District,School Building,Renovation and extension of classrooms at Chennai School,21.27,22.21,16.78,73.6,184,155,2026-05-25,2026-11-25,In Progress,13.054,80.2879,District Agency D,-24.44844664565511,-29,-15.760869565217392,100.0,1.0,True,19.797241379310343,7.108141658163006,-0.4244768217084332,False,0.0,0.0,20.0,0.0,20.0,Low,Very high work-description similarity detected (100.0%),1,False,9.71
P0157,Demo MP 5,Tamil Nadu,Thanjavur District,Sports Facility,Development of community sports ground at Thanjavur,21.57,21.21,17.93,91.4,303,258,2024-10-25,2025-08-24,In Progress,10.857,79.1386,District Agency B,-15.46440358321547,-45,-14.85148514851485,0.0,0.0,False,22.43259259259259,8.23601032641813,-0.5466958410858119,False,0.0,0.0,0.0,0.0,0.0,Low,No major anomaly signals detected,1,False,8.95
P0158,Demo MP 4,Karnataka,Hubballi District,Street Lighting,Street lighting improvement in Hubballi,11.92,11.68,6.67,67.2,275,169,2024-01-29,2024-10-30,In Progress,15.305,75.0668,District Agency A,-42.89383561643835,-106,-38.54545454545455,0.0,0.0,False,14.468,6.960790783620301,-1.12027501506722,False,0.0,0.0,0.0,0.0,0.0,Low,No major anomaly signals detected,1,False,39.38
P0159,Demo MP 8,Madhya Pradesh,Bhopal District,Library,Library building improvement at Bhopal,24.82,24.25,44.21,25.3,161,307,2026-03-20,2026-08-28,Delayed,23.2121,77.4916,District Agency A,82.30927835051547,146,90.6832298136646,0.0,0.0,False,19.273846153846154,8.047959282661948,3.0984443348110418,True,30.0,30.0,0.0,13.99,73.99,High,High cost overrun of 82.3% above sanctioned amount | Significant execution delay of 90.7% beyond planned duration | Expenditure is strongly above the Library category pattern (z-score: 3.10),-1,True,79.14
P0160,Demo MP 1,Odisha,Bhubaneswar District,Community Hall,Construction of community hall in Bhubaneswar,25.8,26.89,19.62,50.0,303,482,2024-09-11,2025-07-11,Delayed,20.2436,85.8514,District Agency A,-27.036072889550017,179,59.07590759075908,100.0,1.0,True,22.6168,8.88503504026105,-0.3372862331347596,False,0.0,29.54,20.0,0.0,49.54,Medium,Material execution delay of 59.1% beyond planned duration | Very high work-description similarity detected (100.0%),1,False,56.62
P0161,Demo MP 5,Tamil Nadu,Tiruchirappalli District,Library,Library building improvement at Tiruchirappalli,24.82,24.81,20.97,90.4,187,133,2024-08-07,2025-02-10,In Progress,10.8172,78.7484,District Agency A,-15.4776299879081,-54,-28.87700534759358,0.0,0.0,False,19.273846153846154,8.047959282661948,0.2107557688329685,False,0.0,0.0,0.0,0.0,0.0,Low,No major anomaly signals detected,1,False,1.84
P0162,Demo MP 3,Maharashtra,Nagpur District,Health Facility,Construction of primary health sub-centre at Nagpur,39.34,38.68,31.42,92.4,120,101,2025-07-15,2025-11-12,In Progress,21.106,79.0211,District Agency D,-18.769389865563593,-19,-15.833333333333332,0.0,0.0,False,25.37185185185185,9.247370119718044,0.6540398048145348,False,0.0,0.0,0.0,0.0,0.0,Low,No major anomaly signals detected,1,False,62.24
P0163,Demo MP 3,Uttar Pradesh,Lucknow District,Irrigation,Construction of irrigation channel near Lucknow,24.75,24.26,15.38,76.7,231,228,2024-06-02,2025-01-19,In Progress,26.768,81.0201,District Agency D,-36.60346248969497,-3,-1.2987012987012987,100.0,1.0,True,17.548571428571428,3.937556558114645,-0.5507403885037193,False,0.0,0.0,20.0,0.0,20.0,Low,Very high work-description similarity detected (100.0%),1,False,15.65
P0164,Demo MP 4,Maharashtra,Nagpur District,Library,Development of reading room at Nagpur,18.74,18.38,11.56,77.6,316,186,2025-05-01,2026-03-13,In Progress,21.1631,79.1636,District Agency D,-37.10554951033732,-130,-41.139240506329116,100.0,1.0,True,19.273846153846154,8.047959282661948,-0.958484739164177,False,0.0,0.0,20.0,0.0,20.0,Low,Very high work-description similarity detected (100.0%),1,False,27.46
P0165,Demo MP 6,Uttar Pradesh,Lucknow District,Sanitation,Improvement of sanitation facilities in Lucknow,14.93,15.83,12.88,69.9,153,123,2025-10-04,2026-03-06,In Progress,26.9244,80.8905,District Agency D,-18.635502210991785,-30,-19.607843137254903,0.0,0.0,False,12.356363636363636,3.614392586069444,0.1448753424446916,False,0.0,0.0,0.0,0.0,0.0,Low,No major anomaly signals detected,1,False,8.2
P0166,Demo MP 10,Tamil Nadu,Coimbatore District,Street Lighting,Installation of solar street lights near Coimbatore,13.84,14.13,11.21,57.6,249,226,2025-11-21,2026-07-28,In Progress,10.9438,76.9616,District Agency A,-20.665251238499643,-23,-9.236947791164658,0.0,0.0,False,14.468,6.960790783620301,-0.4680502691829959,False,0.0,0.0,0.0,0.0,0.0,Low,No major anomaly signals detected,1,False,11.11
P0167,Demo MP 8,Karnataka,Hubballi District,Drinking Water,Water supply improvement work at Hubballi,14.99,16.07,14.01,32.4,212,332,2025-07-09,2026-02-06,Delayed,15.3881,75.1174,District Agency D,-12.818917237087742,120,56.60377358490566,100.0,1.0,True,16.293666666666667,4.728764862671517,-0.4829308990797459,False,0.0,28.3,20.0,0.0,48.3,Medium,Material execution delay of 56.6% beyond planned duration | Very high work-description similarity detected (100.0%),1,False,36.85
P0168,Demo MP 4,Tamil Nadu,Coimbatore District,Road,Construction of village road near Coimbatore,24.39,25.93,21.87,81.3,160,138,2026-07-26,2027-01-02,In Progress,11.0287,76.9587,District Agency B,-15.6575395295025,-22,-13.750000000000002,0.0,0.0,False,25.5009375,8.495924396486027,-0.4273740361321693,False,0.0,0.0,0.0,0.0,0.0,Low,No major anomaly signals detected,1,False,5.05
P0169,Demo MP 4,Madhya Pradesh,Indore District,Community Hall,Construction of community hall at Indore,23.59,22.81,14.51,61.3,263,175,2025-07-07,2026-03-27,In Progress,22.657,75.8638,District Agency D,-36.387549320473475,-88,-33.460076045627375,0.0,0.0,False,22.6168,8.88503504026105,-0.9124105828806964,False,0.0,0.0,0.0,0.0,0.0,Low,No major anomaly signals detected,1,False,11.58
P0170,Demo MP 5,Madhya Pradesh,Bhopal District,Community Hall,Construction of community hall in Bhopal,14.08,14.25,11.08,66.4,215,205,2025-11-11,2026-06-14,In Progress,23.1844,77.3859,District Agency B,-22.24561403508772,-10,-4.651162790697675,100.0,1.0,True,22.6168,8.88503504026105,-1.2984529546279693,False,0.0,0.0,20.0,0.0,20.0,Low,Very high work-description similarity detected (100.0%),1,False,20.65
P0171,Demo MP 5,Tamil Nadu,Kanchipuram District,Drinking Water,Water supply improvement work at Kanchipuram,15.79,16.25,11.75,69.0,206,134,2026-03-09,2026-10-01,In Progress,12.7551,79.772,District Agency B,-27.692307692307693,-72,-34.95145631067961,0.0,0.0,False,16.293666666666667,4.728764862671517,-0.9608569676479368,False,0.0,0.0,0.0,0.0,0.0,Low,No major anomaly signals detected,1,False,9.91
P0172,Demo MP 3,Kerala,Thrissur District,Library,Construction of public library at Thrissur,25.98,26.54,19.18,89.2,308,248,2026-07-19,2027-05-23,In Progress,10.564,76.1573,District Agency C,-27.731725697061037,-60,-19.480519480519483,0.0,0.0,False,19.273846153846154,8.047959282661948,-0.0116608634002822,False,0.0,0.0,0.0,0.0,0.0,Low,No major anomaly signals detected,1,False,11.46
P0173,Demo MP 7,Madhya Pradesh,Indore District,Sports Facility,Construction of sports facility at Indore,29.38,30.47,28.33,90.7,273,191,2024-05-13,2025-02-10,In Progress,22.6847,75.9229,District Agency D,-7.023301608139156,-82,-30.036630036630036,100.0,1.0,True,22.43259259259259,8.23601032641813,0.7160514828995133,False,0.0,0.0,20.0,0.0,20.0,Low,Very high work-description similarity detected (100.0%),1,False,29.4
P0174,Demo MP 10,Kerala,Thrissur District,Street Lighting,Street lighting improvement in Thrissur,15.14,15.71,13.47,82.3,141,118,2024-04-04,2024-08-23,In Progress,10.4577,76.2051,District Agency A,-14.258434118395927,-23,-16.312056737588655,100.0,1.0,True,14.468,6.960790783620301,-0.1433745146238888,False,0.0,0.0,20.0,0.0,20.0,Low,Very high work-description similarity detected (100.0%),1,False,14.5
P0175,Demo MP 7,Maharashtra,Pune District,Drainage,Drainage improvement work in Pune,21.31,21.64,20.98,88.8,185,125,2024-04-15,2024-10-17,In Progress,18.511,73.8972,District Agency B,-3.049907578558226,-60,-32.432432432432435,0.0,0.0,False,17.486666666666665,3.997159408046334,0.873953969987089,False,0.0,0.0,0.0,0.0,0.0,Low,No major anomaly signals detected,1,False,13.16
P0176,Demo MP 7,Odisha,Bhubaneswar District,Street Lighting,Installation of solar street lights near Bhubaneswar,11.31,11.31,11.15,69.8,142,80,2025-10-01,2026-02-20,In Progress,20.3121,85.7969,District Agency B,-1.4146772767462434,-62,-43.66197183098591,0.0,0.0,False,14.468,6.960790783620301,-0.4766699794810253,False,0.0,0.0,0.0,0.0,0.0,Low,No major anomaly signals detected,1,False,44.95
P0177,Demo MP 5,Madhya Pradesh,Bhopal District,Sanitation,Construction of public sanitation facility at Bhopal,11.16,10.95,15.79,28.4,214,410,2024-08-30,2025-04-01,Delayed,23.2424,77.4633,District Agency C,44.20091324200913,196,91.58878504672897,100.0,1.0,True,12.356363636363636,3.614392586069444,0.949989875718053,False,22.1,30.0,20.0,0.0,72.1,High,Material cost overrun of 44.2% above sanctioned amount | Significant execution delay of 91.6% beyond planned duration | Very high work-description similarity detected (100.0%),-1,True,74.33
P0178,Demo MP 5,Madhya Pradesh,Bhopal District,Sanitation,Construction of community toilet at Bhopal,14.86,14.7,11.87,76.2,211,187,2025-03-17,2025-10-14,In Progress,23.192,77.3429,District Agency B,-19.25170068027211,-24,-11.374407582938389,100.0,2.0,True,12.356363636363636,3.614392586069444,-0.1345630350831766,False,0.0,0.0,20.0,0.0,20.0,Low,Very high work-description similarity detected (100.0%),1,False,9.25
P0179,Demo MP 5,Uttar Pradesh,Lucknow District,Street Lighting,Installation of LED street lights at Lucknow,14.09,14.77,11.09,94.2,123,113,2026-04-04,2026-08-05,In Progress,26.8645,80.96,District Agency C,-24.915368991198374,-10,-8.130081300813007,0.0,0.0,False,14.468,6.960790783620301,-0.4852896897790548,False,0.0,0.0,0.0,0.0,0.0,Low,No major anomaly signals detected,1,False,17.32
P0180,Demo MP 10,Rajasthan,Jaipur District,Sanitation,Construction of community toilet at Jaipur,13.7,13.32,11.77,58.9,149,105,2024-09-30,2025-02-26,In Progress,26.9854,75.779,District Agency A,-11.636636636636641,-44,-29.53020134228188,0.0,0.0,False,12.356363636363636,3.614392586069444,-0.1622302011750447,False,0.0,0.0,0.0,0.0,0.0,Low,No major anomaly signals detected,1,False,14.37
P0181,Demo MP 9,Maharashtra,Nagpur District,Drainage,Construction of drainage at Market Road,27.03,26.47,20.98,98.8,146,151,2024-11-29,2025-04-24,Completed,21.1951,79.0261,District Agency D,-20.740460899131087,5,3.4246575342465753,100.0,1.0,True,17.486666666666665,3.997159408046334,0.873953969987089,False,0.0,1.71,20.0,0.0,21.71,Low,Execution delay of 3.4% beyond planned duration | Very high work-description similarity detected (100.0%),1,False,24.51
P0182,Demo MP 6,Tamil Nadu,Erode District,Drainage,Construction of drainage in Market Road,28.99,30.6,28.15,71.9,155,142,2025-04-05,2025-09-07,In Progress,11.409,77.6895,District Agency C,-8.006535947712427,-13,-8.38709677419355,100.0,1.0,True,17.486666666666665,3.997159408046334,2.6677278148747097,True,0.0,0.0,20.0,11.12,31.12,Low,Very high work-description similarity detected (100.0%) | Expenditure is notably above the Drainage category pattern (z-score: 2.67),1,False,44.97
P0183,Demo MP 9,Maharashtra,Pune District,Health Facility,Construction of patient waiting area at Pune Health Centre,27.98,27.54,23.41,58.3,235,208,2024-07-12,2025-03-04,In Progress,18.4806,73.7935,District Agency D,-14.996368917937541,-27,-11.48936170212766,100.0,2.0,True,25.37185185185185,9.247370119718044,-0.2121524094367781,False,0.0,0.0,20.0,0.0,20.0,Low,Very high work-description similarity detected (100.0%),1,False,11.78
P0184,Demo MP 8,Tamil Nadu,Tiruchirappalli District,School Building,Construction of school building at Tiruchirappalli,28.03,27.04,15.26,64.2,304,214,2025-03-08,2026-01-06,In Progress,10.7821,78.6854,District Agency A,-43.565088757396445,-90,-29.605263157894733,0.0,0.0,False,19.797241379310343,7.108141658163006,-0.6383161165759504,False,0.0,0.0,0.0,0.0,0.0,Low,No major anomaly signals detected,1,False,21.35
P0185,Demo MP 5,Karnataka,Mysuru District,Irrigation,Water conservation and irrigation work at Mysuru,24.55,25.01,15.34,92.1,210,207,2025-10-30,2026-05-28,In Progress,12.3653,76.6759,District Agency C,-38.66453418632547,-3,-1.4285714285714286,0.0,0.0,False,17.548571428571428,3.937556558114645,-0.5608989727448949,False,0.0,0.0,0.0,0.0,0.0,Low,No major anomaly signals detected,1,False,5.1
P0186,Demo MP 1,Madhya Pradesh,Indore District,Health Facility,Construction of patient waiting area at Indore Health Centre,31.59,32.37,23.37,78.5,243,149,2024-02-15,2024-10-15,In Progress,22.7756,75.8747,District Agency A,-27.803521779425385,-94,-38.68312757201646,0.0,0.0,False,25.37185185185185,9.247370119718044,-0.2164779635653738,False,0.0,0.0,0.0,0.0,0.0,Low,No major anomaly signals detected,1,False,20.17
P0187,Demo MP 7,Bihar,Patna District,Road,Road strengthening work at Patna,27.05,27.98,27.27,92.4,145,116,2024-01-11,2024-06-04,In Progress,25.5263,85.1248,District Agency D,-2.537526804860618,-29,-20.0,0.0,0.0,False,25.5009375,8.495924396486027,0.2082248402224126,False,0.0,0.0,0.0,0.0,0.0,Low,No major anomaly signals detected,1,False,15.12
P0188,Demo MP 7,Odisha,Bhubaneswar District,Drainage,Construction of storm water drain at Bhubaneswar,21.17,22.53,18.93,72.9,219,138,2024-08-06,2025-03-13,In Progress,20.3249,85.7896,District Agency B,-15.978695073235691,-81,-36.986301369863014,100.0,1.0,True,17.486666666666665,3.997159408046334,0.3610897605003909,False,0.0,0.0,20.0,0.0,20.0,Low,Very high work-description similarity detected (100.0%),1,False,11.51
P0189,Demo MP 4,Tamil Nadu,Salem District,Street Lighting,Installation of LED street lights at Salem,16.19,16.98,16.88,93.9,142,121,2024-12-13,2025-05-04,In Progress,11.6365,78.2027,District Agency D,-0.588928150765615,-21,-14.788732394366196,100.0,1.0,True,14.468,6.960790783620301,0.3465123539807814,False,0.0,0.0,20.0,0.0,20.0,Low,Very high work-description similarity detected (100.0%),1,False,20.05
P0190,Demo MP 8,Tamil Nadu,Salem District,Sports Facility,Development of playground near Salem,26.56,25.71,25.19,95.6,276,168,2025-06-25,2026-03-28,Completed,11.6407,78.1606,District Agency D,-2.0225593154414607,-108,-39.130434782608695,0.0,0.0,False,22.43259259259259,8.23601032641813,0.3347989254654827,False,0.0,0.0,0.0,0.0,0.0,Low,No major anomaly signals detected,1,False,18.12
P0191,Demo MP 9,Maharashtra,Pune District,Sanitation,Improvement of sanitation facilities in Pune,14.77,14.79,9.07,96.6,217,188,2026-02-22,2026-09-27,Completed,18.5878,73.8264,District Agency A,-38.674780256930354,-29,-13.36405529953917,0.0,0.0,False,12.356363636363636,3.614392586069444,-0.9092436856554834,False,0.0,0.0,0.0,0.0,0.0,Low,No major anomaly signals detected,1,False,13.48
P0192,Demo MP 4,Kerala,Thrissur District,Health Facility,Construction of patient waiting area at Thrissur Health Centre,34.32,36.2,22.54,93.9,128,99,2025-05-30,2025-10-05,In Progress,10.5596,76.2491,District Agency C,-37.73480662983426,-29,-22.65625,0.0,0.0,False,25.37185185185185,9.247370119718044,-0.3062332117337373,False,0.0,0.0,0.0,0.0,0.0,Low,No major anomaly signals detected,1,False,38.24
P0193,Demo MP 1,Tamil Nadu,Thanjavur District,Road,Improvement of road connecting Thanjavur,28.99,29.63,24.7,85.4,232,212,2025-06-20,2026-02-07,In Progress,10.7452,79.2064,District Agency C,-16.638542018224772,-20,-8.620689655172415,0.0,0.0,False,25.5009375,8.495924396486027,-0.09427314352412,False,0.0,0.0,0.0,0.0,0.0,Low,No major anomaly signals detected,1,False,8.54
P0194,Demo MP 3,Karnataka,Mysuru District,Health Facility,Health facility improvement work at Mysuru,31.62,32.44,23.6,83.7,211,157,2025-03-02,2025-09-29,In Progress,12.3277,76.6329,District Agency C,-27.250308261405664,-54,-25.59241706161137,100.0,1.0,True,25.37185185185185,9.247370119718044,-0.1916060273259478,False,0.0,0.0,20.0,0.0,20.0,Low,Very high work-description similarity detected (100.0%),1,False,24.17
P0195,Demo MP 9,Kerala,Thrissur District,Bus Shelter,Improvement of passenger shelter at Thrissur,13.47,13.92,11.91,90.7,161,166,2024-01-08,2024-06-17,In Progress,10.5366,76.2173,District Agency A,-14.439655172413794,5,3.1055900621118013,0.0,0.0,False,13.026363636363635,5.457277836548308,-0.2045641929548025,False,0.0,1.55,0.0,0.0,1.55,Low,Execution delay of 3.1% beyond planned duration,1,False,14.29
P0196,Demo MP 3,Tamil Nadu,Chennai District,Health Facility,Health facility improvement work at Chennai,27.97,27.22,17.79,69.5,170,177,2025-05-03,2025-10-20,In Progress,13.0479,80.3434,District Agency B,-34.64364437913299,7,4.117647058823529,100.0,1.0,True,25.37185185185185,9.247370119718044,-0.8198927645044909,False,0.0,2.06,20.0,0.0,22.06,Low,Execution delay of 4.1% beyond planned duration | Very high work-description similarity detected (100.0%),1,False,25.32
P0197,Demo MP 7,Karnataka,Mysuru District,Sports Facility,Construction of sports facility at Mysuru,26.01,26.3,18.14,75.2,316,202,2026-07-10,2027-05-22,In Progress,12.3158,76.6527,District Agency A,-31.02661596958175,-114,-36.075949367088604,0.0,0.0,False,22.43259259259259,8.23601032641813,-0.521198058582262,False,0.0,0.0,0.0,0.0,0.0,Low,No major anomaly signals detected,1,False,15.42
P0198,Demo MP 6,Kerala,Thrissur District,Bus Shelter,Bus shelter development near Thrissur,16.25,15.83,26.72,55.3,223,154,2026-05-03,2026-12-12,In Progress,10.4777,76.182,District Agency B,68.7934301958307,-69,-30.94170403587444,100.0,1.0,True,13.026363636363635,5.457277836548308,2.509243028076704,True,30.0,0.0,20.0,10.06,60.06,Medium,High cost overrun of 68.8% above sanctioned amount | Very high work-description similarity detected (100.0%) | Expenditure is notably above the Bus Shelter category pattern (z-score: 2.51),1,False,51.53
P0199,Demo MP 8,Karnataka,Hubballi District,Health Facility,Construction of patient waiting area at Hubballi Health Centre,34.18,32.88,32.13,89.9,137,148,2026-01-16,2026-06-02,In Progress,15.3721,75.1526,District Agency D,-2.281021897810219,11,8.02919708029197,0.0,0.0,False,25.37185185185185,9.247370119718044,0.7308183905971107,False,0.0,4.01,0.0,0.0,4.01,Low,Execution delay of 8.0% beyond planned duration,1,False,40.4
P0200,Demo MP 5,Tamil Nadu,Tiruchirappalli District,Road,Construction of village road near Tiruchirappalli,23.0,23.12,15.47,91.6,285,173,2026-04-19,2027-01-29,In Progress,10.8336,78.6624,District Agency C,-33.088235294117645,-112,-39.29824561403509,0.0,0.0,False,25.5009375,8.495924396486027,-1.1806764081079704,False,0.0,0.0,0.0,0.0,0.0,Low,No major anomaly signals detected,1,False,14.55
P0201,Demo MP 4,Madhya Pradesh,Bhopal District,Sanitation,Construction of public sanitation facility at Bhopal,15.31,16.24,10.81,69.0,303,186,2026-03-14,2027-01-11,In Progress,23.2945,77.4032,District Agency B,-33.435960591133,-117,-38.613861386138616,100.0,1.0,True,12.356363636363636,3.614392586069444,-0.4278349956569782,False,0.0,0.0,20.0,0.0,20.0,Low,Very high work-description similarity detected (100.0%),1,False,22.42
P0202,Demo MP 2,Tamil Nadu,Salem District,Drainage,Construction of roadside drainage at Salem,18.9,19.03,13.82,72.7,192,143,2024-03-23,2024-10-01,In Progress,11.6057,78.117,District Agency D,-27.377824487651083,-49,-25.520833333333332,0.0,0.0,False,17.486666666666665,3.997159408046334,-0.9173180982688898,False,0.0,0.0,0.0,0.0,0.0,Low,No major anomaly signals detected,1,False,3.63
P0203,Demo MP 6,Uttar Pradesh,Lucknow District,Drinking Water,Water supply improvement work at Lucknow,18.68,19.44,14.0,63.6,222,176,2024-10-17,2025-05-27,In Progress,26.9106,80.9497,District Agency C,-27.98353909465021,-46,-20.72072072072072,0.0,0.0,False,16.293666666666667,4.728764862671517,-0.4850456161973042,False,0.0,0.0,0.0,0.0,0.0,Low,No major anomaly signals detected,1,False,0.05
P0204,Demo MP 8,Odisha,Bhubaneswar District,Drainage,Construction of storm water drain at Bhubaneswar,23.62,24.11,21.12,87.6,281,179,2026-04-21,2027-01-27,In Progress,20.2883,85.9007,District Agency D,-12.401493156366646,-102,-36.29893238434164,100.0,1.0,True,17.486666666666665,3.997159408046334,0.908978842830083,False,0.0,0.0,20.0,0.0,20.0,Low,Very high work-description similarity detected (100.0%),1,False,20.14
P0205,Demo MP 5,Tamil Nadu,Kanchipuram District,Library,Library building improvement at Kanchipuram,19.26,19.51,17.34,78.8,287,262,2024-01-28,2024-11-10,In Progress,12.8642,79.6238,District Agency B,-11.122501281394165,-25,-8.710801393728223,0.0,0.0,False,19.273846153846154,8.047959282661948,-0.2402902507238473,False,0.0,0.0,0.0,0.0,0.0,Low,No major anomaly signals detected,1,False,7.52
P0206,Demo MP 3,Uttar Pradesh,Lucknow District,Health Facility,Construction of primary health sub-centre at Lucknow,25.84,25.26,22.6,91.7,298,316,2025-01-31,2025-11-25,In Progress,26.856,80.9664,District Agency D,-10.530482977038796,18,6.0402684563758395,0.0,0.0,False,25.37185185185185,9.247370119718044,-0.2997448805408433,False,0.0,3.02,0.0,0.0,3.02,Low,Execution delay of 6.0% beyond planned duration,1,False,21.93
P0207,Demo MP 5,Maharashtra,Nagpur District,Street Lighting,Installation of solar street lights near Nagpur,14.23,15.35,10.59,80.2,233,207,2026-02-12,2026-10-03,In Progress,21.1753,79.0302,District Agency A,-31.009771986970687,-26,-11.158798283261802,0.0,0.0,False,14.468,6.960790783620301,-0.5571206089292998,False,0.0,0.0,0.0,0.0,0.0,Low,No major anomaly signals detected,1,False,9.07
P0208,Demo MP 7,Odisha,Bhubaneswar District,Health Facility,Construction of patient waiting area at Bhubaneswar Health Centre,30.75,30.05,21.39,76.4,129,100,2025-10-04,2026-02-10,In Progress,20.3221,85.8485,District Agency C,-28.81863560732113,-29,-22.48062015503876,100.0,1.0,True,25.37185185185185,9.247370119718044,-0.430592892930867,False,0.0,0.0,20.0,0.0,20.0,Low,Very high work-description similarity detected (100.0%),1,False,31.33
P0209,Demo MP 9,Bihar,Patna District,Road,Construction of village road near Patna,27.95,29.04,20.57,69.3,242,204,2024-08-03,2025-04-02,In Progress,25.6179,85.1627,District Agency D,-29.166666666666664,-38,-15.702479338842975,100.0,1.0,True,25.5009375,8.495924396486027,-0.580388580439754,False,0.0,0.0,20.0,0.0,20.0,Low,Very high work-description similarity detected (100.0%),1,False,14.27
P0210,Demo MP 6,Kerala,Thrissur District,Irrigation,Water conservation and irrigation work at Thrissur,16.17,15.57,14.52,77.3,200,147,2025-09-24,2026-04-12,In Progress,10.4697,76.2216,District Agency B,-6.7437379576107945,-53,-26.5,0.0,0.0,False,17.548571428571428,3.937556558114645,-0.7691499496889892,False,0.0,0.0,0.0,0.0,0.0,Low,No major anomaly signals detected,1,False,10.36
P0211,Demo MP 7,Rajasthan,Jaipur District,Street Lighting,Construction of street lighting at Bus Stand Road,20.19,20.18,33.37,73.3,123,103,2024-04-07,2024-08-08,In Progress,26.8888,75.7185,District Agency D,65.3617443012884,-20,-16.260162601626014,100.0,1.0,True,14.468,6.960790783620301,2.7154960675558595,True,30.0,0.0,20.0,11.44,61.44,Medium,High cost overrun of 65.4% above sanctioned amount | Very high work-description similarity detected (100.0%) | Expenditure is notably above the Street Lighting category pattern (z-score: 2.72),-1,True,67.3
P0212,Demo MP 3,Tamil Nadu,Salem District,Street Lighting,Construction of street lighting in Bus Stand Road,29.96,29.27,21.6,98.9,235,220,2024-07-12,2025-03-04,Completed,11.6972,78.1209,District Agency C,-26.20430474888964,-15,-6.382978723404255,100.0,1.0,True,14.468,6.960790783620301,1.024596230759094,False,0.0,0.0,20.0,0.16,20.16,Low,Very high work-description similarity detected (100.0%) | Expenditure is above the Street Lighting category baseline (z-score: 1.02),1,False,22.29
P0213,Demo MP 3,Madhya Pradesh,Bhopal District,Street Lighting,Installation of solar street lights near Bhopal,15.75,16.06,14.03,98.6,183,168,2024-11-22,2025-05-24,Completed,23.3081,77.3632,District Agency B,-12.640099626400994,-15,-8.19672131147541,0.0,0.0,False,14.468,6.960790783620301,-0.0629238851756146,False,0.0,0.0,0.0,0.0,0.0,Low,No major anomaly signals detected,1,False,5.58
P0214,Demo MP 5,Bihar,Patna District,Drainage,Construction of roadside drainage at Patna,20.53,20.86,16.65,90.8,299,311,2024-07-05,2025-04-30,In Progress,25.5355,85.1778,District Agency B,-20.182166826462133,12,4.013377926421405,100.0,1.0,True,17.486666666666665,3.997159408046334,-0.209315311514083,False,0.0,2.01,20.0,0.0,22.01,Low,Execution delay of 4.0% beyond planned duration | Very high work-description similarity detected (100.0%),1,False,25.92
P0215,Demo MP 4,Maharashtra,Nagpur District,Sanitation,Improvement of sanitation facilities in Nagpur,12.36,12.35,8.22,76.4,162,124,2024-06-18,2024-11-27,In Progress,21.081,79.0318,District Agency D,-33.4412955465587,-38,-23.456790123456788,100.0,1.0,True,12.356363636363636,3.614392586069444,-1.1444145974363622,False,0.0,0.0,20.0,0.0,20.0,Low,Very high work-description similarity detected (100.0%),1,False,23.91
P0216,Demo MP 7,Tamil Nadu,Chennai District,Street Lighting,Installation of LED street lights at Chennai,15.14,15.65,13.91,68.5,121,96,2025-03-23,2025-07-22,In Progress,13.095,80.2136,District Agency C,-11.11821086261981,-25,-20.66115702479339,100.0,1.0,True,14.468,6.960790783620301,-0.0801633057716733,False,0.0,0.0,20.0,0.0,20.0,Low,Very high work-description similarity detected (100.0%),1,False,24.2
P0217,Demo MP 2,Bihar,Patna District,Health Facility,Health facility improvement work at Patna,36.12,34.98,23.02,87.5,317,242,2026-04-07,2027-02-18,In Progress,25.5945,85.1039,District Agency D,-34.19096626643796,-75,-23.65930599369085,0.0,0.0,False,25.37185185185185,9.247370119718044,-0.2543265621905874,False,0.0,0.0,0.0,0.0,0.0,Low,No major anomaly signals detected,1,False,41.31
P0218,Demo MP 9,Madhya Pradesh,Indore District,Sports Facility,Development of playground near Indore,29.42,28.96,19.05,68.7,317,199,2026-06-21,2027-05-04,In Progress,22.6728,75.9223,District Agency A,-34.219613259668506,-118,-37.22397476340694,0.0,0.0,False,22.43259259259259,8.23601032641813,-0.4107076677335459,False,0.0,0.0,0.0,0.0,0.0,Low,No major anomaly signals detected,1,False,22.53
P0219,Demo MP 3,Madhya Pradesh,Indore District,Sanitation,Construction of public sanitation facility at Indore,12.57,12.2,6.93,83.0,226,162,2026-05-23,2027-01-04,In Progress,22.7739,75.8084,District Agency C,-43.196721311475414,-64,-28.31858407079646,100.0,1.0,True,12.356363636363636,3.614392586069444,-1.501321040021461,False,0.0,0.0,20.0,0.0,20.0,Low,Very high work-description similarity detected (100.0%),1,False,32.99
P0220,Demo MP 1,Bihar,Patna District,Road,Improvement of road connecting Patna,26.13,25.39,22.2,91.3,217,145,2026-03-11,2026-10-14,In Progress,25.5554,85.0896,District Agency A,-12.5640015754234,-72,-33.17972350230415,0.0,0.0,False,25.5009375,8.495924396486027,-0.3885318825771673,False,0.0,0.0,0.0,0.0,0.0,Low,No major anomaly signals detected,1,False,6.12
P0221,Demo MP 6,Tamil Nadu,Madurai District,Drinking Water,Water supply improvement work at Madurai,19.16,19.25,16.63,83.5,259,160,2024-10-31,2025-07-17,In Progress,9.9021,78.0869,District Agency A,-13.610389610389614,-99,-38.22393822393823,100.0,1.0,True,16.293666666666667,4.728764862671517,0.0711249857205462,False,0.0,0.0,20.0,0.0,20.0,Low,Very high work-description similarity detected (100.0%),1,False,11.04
P0222,Demo MP 4,Tamil Nadu,Chennai District,Bus Shelter,Improvement of passenger shelter at Chennai,15.24,15.28,12.47,64.9,278,227,2025-07-23,2026-04-27,In Progress,13.0911,80.2829,District Agency C,-18.390052356020938,-51,-18.345323741007196,100.0,1.0,True,13.026363636363635,5.457277836548308,-0.1019489300393639,False,0.0,0.0,20.0,0.0,20.0,Low,Very high work-description similarity detected (100.0%),1,False,15.46
P0223,Demo MP 9,Kerala,Kochi District,Street Lighting,Street lighting improvement in Kochi,14.46,14.74,10.53,56.1,186,178,2025-09-11,2026-03-16,In Progress,9.8698,76.303,District Agency B,-28.561736770691997,-8,-4.301075268817205,100.0,1.0,True,14.468,6.960790783620301,-0.5657403192273293,False,0.0,0.0,20.0,0.0,20.0,Low,Very high work-description similarity detected (100.0%),1,False,15.17
P0224,Demo MP 6,Tamil Nadu,Kanchipuram District,Road,Construction of village road near Kanchipuram,24.43,24.65,23.95,63.7,159,118,2024-05-03,2024-10-09,In Progress,12.8658,79.6417,District Agency A,-2.8397565922920864,-41,-25.78616352201258,0.0,0.0,False,25.5009375,8.495924396486027,-0.1825507652400342,False,0.0,0.0,0.0,0.0,0.0,Low,No major anomaly signals detected,1,False,9.1
P0225,Demo MP 6,Tamil Nadu,Chennai District,Street Lighting,Installation of LED street lights at Chennai,9.8,10.57,6.21,82.4,212,187,2024-02-14,2024-09-13,In Progress,13.0994,80.2696,District Agency C,-41.24881740775781,-25,-11.79245283018868,100.0,1.0,True,14.468,6.960790783620301,-1.1863594606854453,False,0.0,0.0,20.0,0.0,20.0,Low,Very high work-description similarity detected (100.0%),1,False,42.61
P0226,Demo MP 6,Tamil Nadu,Kanchipuram District,Drinking Water,Drinking water pipeline and supply system at Kanchipuram,15.86,15.33,8.49,64.4,277,211,2026-02-26,2026-11-30,In Progress,12.9095,79.706,District Agency C,-44.61839530332681,-66,-23.826714801444044,0.0,0.0,False,16.293666666666667,4.728764862671517,-1.6502547479719647,False,0.0,0.0,0.0,0.0,0.0,Low,No major anomaly signals detected,1,False,30.27
P0227,Demo MP 6,Odisha,Bhubaneswar District,Bus Shelter,Improvement of passenger shelter at Bhubaneswar,12.96,13.61,12.87,91.8,120,70,2025-04-09,2025-08-07,In Progress,20.2998,85.7684,District Agency D,-5.437178545187364,-50,-41.66666666666667,0.0,0.0,False,13.026363636363635,5.457277836548308,-0.0286523136711938,False,0.0,0.0,0.0,0.0,0.0,Low,No major anomaly signals detected,1,False,34.26
P0228,Demo MP 10,Tamil Nadu,Madurai District,Drainage,Drainage improvement work in Madurai,20.3,20.28,19.24,69.7,265,220,2026-05-15,2027-02-04,In Progress,9.9412,78.1278,District Agency C,-5.128205128205141,-45,-16.9811320754717,0.0,0.0,False,17.486666666666665,3.997159408046334,0.4386448360813059,False,0.0,0.0,0.0,0.0,0.0,Low,No major anomaly signals detected,1,False,4.86
P0229,Demo MP 2,Kerala,Kochi District,Community Hall,Community hall construction near Kochi,18.99,18.74,10.8,55.6,189,162,2025-06-15,2025-12-21,In Progress,9.8927,76.3006,District Agency D,-42.369263607257196,-27,-14.285714285714285,0.0,0.0,False,22.6168,8.88503504026105,-1.3299666176277465,False,0.0,0.0,0.0,0.0,0.0,Low,No major anomaly signals detected,1,False,14.04
P0230,Demo MP 6,Tamil Nadu,Erode District,School Building,Renovation and extension of classrooms at Erode School,21.87,23.61,15.51,84.2,222,127,2024-05-14,2024-12-22,In Progress,11.2969,77.6753,District Agency D,-34.30749682337992,-95,-42.792792792792795,100.0,2.0,True,19.797241379310343,7.108141658163006,-0.6031451799201087,False,0.0,0.0,20.0,0.0,20.0,Low,Very high work-description similarity detected (100.0%),1,False,17.24
P0231,Demo MP 6,Rajasthan,Jaipur District,School Building,Construction of additional classrooms at Jaipur School,20.86,21.02,17.29,69.7,234,154,2025-07-08,2026-02-27,In Progress,26.9505,75.7083,District Agency C,-17.745004757373934,-80,-34.18803418803419,0.0,0.0,False,19.797241379310343,7.108141658163006,-0.3527281109305166,False,0.0,0.0,0.0,0.0,0.0,Low,No major anomaly signals detected,1,False,2.39
P0232,Demo MP 2,Kerala,Thrissur District,Library,Development of reading room at Thrissur,22.81,22.66,33.19,75.2,178,183,2024-03-16,2024-09-10,In Progress,10.5183,76.2642,District Agency A,46.46954986760811,5,2.8089887640449436,0.0,0.0,False,19.273846153846154,8.047959282661948,1.729153112905776,False,23.23,1.4,0.0,4.86,29.49,Low,Material cost overrun of 46.5% above sanctioned amount | Execution delay of 2.8% beyond planned duration | Expenditure is above the Library category baseline (z-score: 1.73),1,False,40.91
P0233,Demo MP 6,Maharashtra,Pune District,Drainage,Construction of storm water drain at Pune,20.65,19.85,11.0,82.6,194,168,2024-07-22,2025-02-01,In Progress,18.5421,73.8796,District Agency B,-44.584382871536526,-26,-13.402061855670103,0.0,0.0,False,17.486666666666665,3.997159408046334,-1.622819108392055,False,0.0,0.0,0.0,0.0,0.0,Low,No major anomaly signals detected,1,False,22.19
P0234,Demo MP 5,Bihar,Patna District,Street Lighting,Installation of solar street lights near Patna,13.87,14.17,12.92,85.2,134,125,2025-12-14,2026-04-27,In Progress,25.5959,85.0856,District Agency C,-8.821453775582217,-9,-6.7164179104477615,0.0,0.0,False,14.468,6.960790783620301,-0.2223885256891583,False,0.0,0.0,0.0,0.0,0.0,Low,No major anomaly signals detected,1,False,12.16
P0235,Demo MP 4,Tamil Nadu,Thanjavur District,Community Hall,Construction of community hall in Thanjavur,20.72,21.29,20.01,78.9,178,122,2024-11-17,2025-05-14,In Progress,10.7269,79.0892,District Agency C,-6.012212306247053,-56,-31.46067415730337,0.0,0.0,False,22.6168,8.88503504026105,-0.2933922025279268,False,0.0,0.0,0.0,0.0,0.0,Low,No major anomaly signals detected,1,False,6.13
P0236,Demo MP 8,Tamil Nadu,Erode District,Bus Shelter,Improvement of passenger shelter at Erode,15.83,16.56,9.15,75.2,210,136,2025-01-12,2025-08-10,In Progress,11.4108,77.6439,District Agency A,-44.746376811594196,-74,-35.23809523809524,0.0,0.0,False,13.026363636363635,5.457277836548308,-0.7103108458951779,False,0.0,0.0,0.0,0.0,0.0,Low,No major anomaly signals detected,1,False,21.58
P0237,Demo MP 2,Maharashtra,Nagpur District,Sanitation,Construction of community toilet at Nagpur,14.27,14.06,13.17,63.5,145,155,2024-05-25,2024-10-17,In Progress,21.1314,79.0269,District Agency D,-6.330014224751071,10,6.896551724137931,0.0,0.0,False,12.356363636363636,3.614392586069444,0.2251101241111089,False,0.0,3.45,0.0,0.0,3.45,Low,Execution delay of 6.9% beyond planned duration,1,False,16.97
P0238,Demo MP 6,Madhya Pradesh,Bhopal District,Sanitation,Construction of community toilet at Bhopal,16.56,16.84,12.58,85.1,168,131,2025-08-08,2026-01-23,In Progress,23.2731,77.433,District Agency C,-25.29691211401425,-37,-22.023809523809522,100.0,2.0,True,12.356363636363636,3.614392586069444,0.0618738441690871,False,0.0,0.0,20.0,0.0,20.0,Low,Very high work-description similarity detected (100.0%),1,False,12.42
P0239,Demo MP 1,Maharashtra,Pune District,Health Facility,Construction of patient waiting area at Pune Health Centre,28.32,28.71,28.71,67.9,209,149,2025-09-22,2026-04-19,In Progress,18.4814,73.779,District Agency A,0.0,-60,-28.708133971291865,100.0,2.0,True,25.37185185185185,9.247370119718044,0.360983512602168,False,0.0,0.0,20.0,0.0,20.0,Low,Very high work-description similarity detected (100.0%),1,False,24.51
P0240,Demo MP 7,Tamil Nadu,Thanjavur District,Street Lighting,Installation of solar street lights near Thanjavur,15.45,15.89,10.51,90.3,217,136,2024-12-20,2025-07-25,In Progress,10.7624,79.1148,District Agency C,-33.85777218376338,-81,-37.327188940092164,0.0,0.0,False,14.468,6.960790783620301,-0.568613555993339,False,0.0,0.0,0.0,0.0,0.0,Low,No major anomaly signals detected,1,False,13.53
P0241,Demo MP 4,Uttar Pradesh,Lucknow District,Library,Construction of library at Town Library,24.98,24.31,14.46,73.6,213,191,2024-12-09,2025-07-10,In Progress,26.8572,80.919,District Agency A,-40.51830522418757,-22,-10.328638497652582,100.0,1.0,True,19.273846153846154,8.047959282661948,-0.5981449439259493,False,0.0,0.0,20.0,0.0,20.0,Low,Very high work-description similarity detected (100.0%),1,False,14.52
P0242,Demo MP 10,Kerala,Kochi District,Library,Construction of library in Town Library,11.29,11.6,7.03,83.5,176,139,2026-08-04,2027-01-27,In Progress,9.9429,76.2338,District Agency D,-39.39655172413793,-37,-21.022727272727273,100.0,1.0,True,19.273846153846154,8.047959282661948,-1.5213603503466495,False,0.0,0.0,20.0,0.0,20.0,Low,Very high work-description similarity detected (100.0%),1,False,37.34
P0243,Demo MP 10,Karnataka,Hubballi District,Drainage,Drainage improvement work in Hubballi,20.01,19.8,16.03,92.5,293,208,2025-05-08,2026-02-25,In Progress,15.4001,75.1179,District Agency B,-19.040404040404038,-85,-29.01023890784983,0.0,0.0,False,17.486666666666665,3.997159408046334,-0.3644254626759129,False,0.0,0.0,0.0,0.0,0.0,Low,No major anomaly signals detected,1,False,7.23
P0244,Demo MP 10,Kerala,Thrissur District,Street Lighting,Installation of LED street lights at Thrissur,13.28,12.93,9.28,72.0,316,198,2026-06-02,2027-04-14,In Progress,10.4717,76.2386,District Agency D,-28.22892498066512,-118,-37.34177215189873,0.0,0.0,False,14.468,6.960790783620301,-0.7453176171029416,False,0.0,0.0,0.0,0.0,0.0,Low,No major anomaly signals detected,1,False,29.13
P0245,Demo MP 3,Maharashtra,Pune District,Library,Library building improvement at Pune,20.94,22.58,22.71,78.1,292,212,2025-12-07,2026-09-25,In Progress,18.4738,73.809,District Agency B,0.5757307351638732,-80,-27.397260273972602,0.0,0.0,False,19.273846153846154,8.047959282661948,0.4269596459759053,False,0.29,0.0,0.0,0.0,0.29,Low,Cost overrun of 0.6% above sanctioned amount,1,False,12.24
P0246,Demo MP 6,Karnataka,Mysuru District,School Building,Construction of additional classrooms at Mysuru School,26.75,28.79,17.09,63.0,315,291,2026-08-05,2027-06-16,In Progress,12.2327,76.6846,District Agency A,-40.63911080236193,-24,-7.6190476190476195,0.0,0.0,False,19.797241379310343,7.108141658163006,-0.3808648602551898,False,0.0,0.0,0.0,0.0,0.0,Low,No major anomaly signals detected,1,False,22.84
P0247,Demo MP 10,Uttar Pradesh,Lucknow District,School Building,Construction of additional classrooms at Lucknow School,20.65,21.42,18.65,68.9,166,113,2024-10-09,2025-03-24,In Progress,26.8161,80.9307,District Agency D,-12.93183940242765,-53,-31.92771084337349,0.0,0.0,False,19.797241379310343,7.108141658163006,-0.1613982155227384,False,0.0,0.0,0.0,0.0,0.0,Low,No major anomaly signals detected,1,False,3.65
P0248,Demo MP 2,Tamil Nadu,Chennai District,Library,Library building improvement at Chennai,23.83,23.52,23.69,67.6,254,181,2024-03-27,2024-12-06,In Progress,13.0123,80.2008,District Agency D,0.7227891156462657,-73,-28.74015748031496,0.0,0.0,False,19.273846153846154,8.047959282661948,0.5487296457460651,False,0.36,0.0,0.0,0.0,0.36,Low,Cost overrun of 0.7% above sanctioned amount,1,False,9.16
P0249,Demo MP 1,Uttar Pradesh,Lucknow District,Library,Development of reading room at Lucknow,19.95,19.17,14.92,79.0,236,230,2024-03-04,2024-10-26,In Progress,26.86,80.9125,District Agency B,-22.170057381324995,-6,-2.5423728813559325,0.0,0.0,False,19.273846153846154,8.047959282661948,-0.5409875970950581,False,0.0,0.0,0.0,0.0,0.0,Low,No major anomaly signals detected,1,False,3.25
P0250,Demo MP 4,Madhya Pradesh,Indore District,Sports Facility,Construction of sports facility at Indore,26.04,27.64,26.79,81.6,259,179,2024-09-14,2025-05-31,In Progress,22.7119,75.8794,District Agency D,-3.0752532561505115,-80,-30.888030888030887,100.0,1.0,True,22.43259259259259,8.23601032641813,0.5290677445401479,False,0.0,0.0,20.0,0.0,20.0,Low,Very high work-description similarity detected (100.0%),1,False,21.39
P0251,Demo MP 7,Rajasthan,Jaipur District,Road,Road strengthening work at Jaipur,26.99,26.92,25.63,97.6,235,246,2024-07-22,2025-03-14,Completed,26.8361,75.7281,District Agency B,-4.791976225854393,11,4.680851063829787,0.0,0.0,False,25.5009375,8.495924396486027,0.0151911074036135,False,0.0,2.34,0.0,0.0,2.34,Low,Execution delay of 4.7% beyond planned duration,1,False,9.69
P0252,Demo MP 2,Uttar Pradesh,Lucknow District,Road,Improvement of road connecting Lucknow,27.17,26.53,40.1,72.8,202,187,2024-03-30,2024-10-18,In Progress,26.8923,80.9661,District Agency C,51.149641914813415,-15,-7.425742574257425,0.0,0.0,False,25.5009375,8.495924396486027,1.7183606890426515,False,25.57,0.0,0.0,4.79,30.36,Low,Material cost overrun of 51.1% above sanctioned amount | Expenditure is above the Road category baseline (z-score: 1.72),1,False,38.02
P0253,Demo MP 2,Tamil Nadu,Chennai District,Bus Shelter,Improvement of passenger shelter at Chennai,12.99,13.33,7.88,65.9,261,220,2024-06-04,2025-02-20,In Progress,13.1439,80.2916,District Agency B,-40.88522130532633,-41,-15.708812260536398,100.0,1.0,True,13.026363636363635,5.457277836548308,-0.9430276028641188,False,0.0,0.0,20.0,0.0,20.0,Low,Very high work-description similarity detected (100.0%),1,False,23.72
P0254,Demo MP 4,Tamil Nadu,Thanjavur District,School Building,Construction of school building at Thanjavur,23.64,22.74,12.78,68.9,199,109,2025-05-03,2025-11-18,In Progress,10.7085,79.0615,District Agency B,-43.79947229551451,-90,-45.22613065326633,0.0,0.0,False,19.797241379310343,7.108141658163006,-0.9872118082018992,False,0.0,0.0,0.0,0.0,0.0,Low,No major anomaly signals detected,1,False,22.27
P0255,Demo MP 1,Uttar Pradesh,Lucknow District,Drinking Water,Installation of drinking water facility at Lucknow,18.94,20.32,19.4,56.1,235,214,2025-08-21,2026-04-13,In Progress,26.8715,81.0208,District Agency B,-4.527559055118119,-21,-8.936170212765958,100.0,2.0,True,16.293666666666667,4.728764862671517,0.6569016272842139,False,0.0,0.0,20.0,0.0,20.0,Low,Very high work-description similarity detected (100.0%),1,False,12.77
P0256,Demo MP 4,Tamil Nadu,Madurai District,Bus Shelter,Bus shelter development near Madurai,12.45,13.29,23.61,36.4,216,373,2026-07-28,2027-03-01,Delayed,9.9169,78.1606,District Agency C,77.65237020316029,157,72.68518518518519,0.0,0.0,False,13.026363636363635,5.457277836548308,1.93936183581418,False,30.0,30.0,0.0,6.26,66.26,Medium,High cost overrun of 77.7% above sanctioned amount | Significant execution delay of 72.7% beyond planned duration | Expenditure is above the Bus Shelter category baseline (z-score: 1.94),-1,True,70.3
P0257,Demo MP 9,Rajasthan,Jaipur District,Community Hall,Community hall construction near Jaipur,22.88,24.19,23.7,65.1,294,265,2024-03-31,2025-01-19,In Progress,26.9144,75.8376,District Agency A,-2.0256304257957916,-29,-9.863945578231291,0.0,0.0,False,22.6168,8.88503504026105,0.1219128562905674,False,0.0,0.0,0.0,0.0,0.0,Low,No major anomaly signals detected,1,False,11.23
P0258,Demo MP 3,Kerala,Kochi District,Sports Facility,Construction of sports facility at Kochi,27.71,29.49,18.72,92.8,207,169,2025-04-09,2025-11-02,In Progress,9.9182,76.2438,District Agency B,-36.52085452695829,-38,-18.357487922705314,100.0,1.0,True,22.43259259259259,8.23601032641813,-0.4507756116676959,False,0.0,0.0,20.0,0.0,20.0,Low,Very high work-description similarity detected (100.0%),1,False,16.16
P0259,Demo MP 10,Karnataka,Hubballi District,Drainage,Construction of roadside drainage at Hubballi,16.7,17.14,12.91,59.1,180,157,2024-12-01,2025-05-30,In Progress,15.3487,75.1034,District Agency D,-24.679113185530923,-23,-12.777777777777777,0.0,0.0,False,17.486666666666665,3.997159408046334,-1.1449797717483507,False,0.0,0.0,0.0,0.0,0.0,Low,No major anomaly signals detected,1,False,7.54
P0260,Demo MP 5,Tamil Nadu,Salem District,School Building,Construction of additional classrooms at Salem School,26.18,27.15,16.25,81.7,200,190,2025-08-22,2026-03-10,In Progress,11.6486,78.0782,District Agency C,-40.147329650092075,-10,-5.0,0.0,0.0,False,19.797241379310343,7.108141658163006,-0.4990392074188176,False,0.0,0.0,0.0,0.0,0.0,Low,No major anomaly signals detected,1,False,6.82
P0261,Demo MP 9,Maharashtra,Nagpur District,School Building,Renovation and extension of classrooms at Nagpur School,22.35,23.2,17.24,97.4,150,141,2026-04-25,2026-09-22,Completed,21.109,79.1594,District Agency A,-25.6896551724138,-9,-6.0,0.0,0.0,False,19.797241379310343,7.108141658163006,-0.359762298261685,False,0.0,0.0,0.0,0.0,0.0,Low,No major anomaly signals detected,1,False,1.45
P0262,Demo MP 4,Tamil Nadu,Thanjavur District,Irrigation,Minor irrigation improvement work at Thanjavur,19.58,21.0,18.15,90.4,185,128,2024-08-02,2025-02-03,In Progress,10.7456,79.1969,District Agency C,-13.571428571428578,-57,-30.810810810810814,0.0,0.0,False,17.548571428571428,3.937556558114645,0.1527415701976717,False,0.0,0.0,0.0,0.0,0.0,Low,No major anomaly signals detected,1,False,3.19
P0263,Demo MP 7,Madhya Pradesh,Indore District,School Building,Renovation and extension of classrooms at Indore School,20.58,20.64,17.93,90.7,181,153,2026-02-18,2026-08-18,In Progress,22.6749,75.8799,District Agency D,-13.129844961240314,-28,-15.469613259668508,0.0,0.0,False,19.797241379310343,7.108141658163006,-0.262690513091562,False,0.0,0.0,0.0,0.0,0.0,Low,No major anomaly signals detected,1,False,0.0
P0264,Demo MP 5,Tamil Nadu,Chennai District,Drainage,Construction of storm water drain at Chennai,21.43,22.12,21.05,94.0,203,220,2026-07-20,2027-02-08,In Progress,13.0053,80.3326,District Agency D,-4.837251356238699,17,8.374384236453201,0.0,0.0,False,17.486666666666665,3.997159408046334,0.891466406408586,False,0.0,4.19,0.0,0.0,4.19,Low,Execution delay of 8.4% beyond planned duration,1,False,12.06
P0265,Demo MP 6,Tamil Nadu,Erode District,School Building,Construction of school building at Erode,26.36,25.46,14.3,89.2,141,107,2024-04-27,2024-09-15,In Progress,11.409,77.6626,District Agency C,-43.833464257659074,-34,-24.113475177304963,0.0,0.0,False,19.797241379310343,7.108141658163006,-0.7733725133343821,False,0.0,0.0,0.0,0.0,0.0,Low,No major anomaly signals detected,1,False,17.48
P0266,Demo MP 9,Maharashtra,Pune District,Bus Shelter,Improvement of passenger shelter at Pune,12.44,13.02,8.52,73.3,155,109,2024-12-20,2025-05-24,In Progress,18.5408,73.8308,District Agency C,-34.56221198156682,-46,-29.677419354838708,100.0,1.0,True,13.026363636363635,5.457277836548308,-0.8257530166750463,False,0.0,0.0,20.0,0.0,20.0,Low,Very high work-description similarity detected (100.0%),1,False,24.85
P0267,Demo MP 1,Odisha,Bhubaneswar District,Irrigation,Construction of irrigation channel near Bhubaneswar,21.96,23.48,21.41,98.1,272,234,2024-11-22,2025-08-21,Completed,20.3399,85.7809,District Agency C,-8.816013628620103,-38,-13.970588235294118,0.0,0.0,False,17.548571428571428,3.937556558114645,0.9806661858534614,False,0.0,0.0,0.0,0.0,0.0,Low,No major anomaly signals detected,1,False,9.91
P0268,Demo MP 1,Maharashtra,Pune District,Health Facility,Construction of patient waiting area at Pune Health Centre,27.12,28.85,27.74,61.1,148,143,2026-04-02,2026-08-28,In Progress,18.534,73.8131,District Agency C,-3.8474870017331124,-5,-3.3783783783783785,100.0,2.0,True,25.37185185185185,9.247370119718044,0.2560888249837191,False,0.0,0.0,20.0,0.0,20.0,Low,Very high work-description similarity detected (100.0%),1,False,24.84
P0269,Demo MP 10,Madhya Pradesh,Bhopal District,Community Hall,Construction of community hall at Bhopal,26.58,26.01,22.48,66.5,161,100,2026-02-11,2026-07-22,In Progress,23.1939,77.345,District Agency C,-13.571703191080356,-61,-37.88819875776397,100.0,1.0,True,22.6168,8.88503504026105,-0.0153966753513195,False,0.0,0.0,20.0,0.0,20.0,Low,Very high work-description similarity detected (100.0%),1,False,22.78
P0270,Demo MP 9,Kerala,Kochi District,Sports Facility,Construction of sports facility at Kochi,23.92,23.67,20.91,41.4,230,436,2026-03-27,2026-11-12,Delayed,9.9296,76.3363,District Agency A,-11.66032953105197,206,89.56521739130436,100.0,1.0,True,22.43259259259259,8.23601032641813,-0.1848701655592474,False,0.0,30.0,20.0,0.0,50.0,Medium,Significant execution delay of 89.6% beyond planned duration | Very high work-description similarity detected (100.0%),1,False,54.3
P0271,Demo MP 5,Kerala,Kochi District,Sports Facility,Construction of sports facility at Community Ground,9.83,9.77,7.67,83.3,263,177,2026-05-27,2027-02-14,In Progress,9.9865,76.3064,District Agency B,-21.49437052200614,-86,-32.69961977186312,100.0,1.0,True,22.43259259259259,8.23601032641813,-1.792444643402104,False,0.0,0.0,20.0,0.0,20.0,Low,Very high work-description similarity detected (100.0%),1,False,50.54
P0272,Demo MP 5,Tamil Nadu,Salem District,Sports Facility,Construction of sports facility in Community Ground,17.35,17.94,10.5,81.3,278,206,2024-10-30,2025-08-04,In Progress,11.6721,78.1405,District Agency A,-41.47157190635452,-72,-25.899280575539567,100.0,1.0,True,22.43259259259259,8.23601032641813,-1.4488316696637895,False,0.0,0.0,20.0,0.0,20.0,Low,Very high work-description similarity detected (100.0%),1,False,26.3
P0273,Demo MP 9,Tamil Nadu,Kanchipuram District,School Building,Construction of additional classrooms at Kanchipuram School,22.51,21.8,19.02,72.8,263,257,2024-09-21,2025-06-11,In Progress,12.9121,79.704,District Agency C,-12.752293577981655,-6,-2.2813688212927756,100.0,1.0,True,19.797241379310343,7.108141658163006,-0.1093452292720926,False,0.0,0.0,20.0,0.0,20.0,Low,Very high work-description similarity detected (100.0%),1,False,13.35
P0274,Demo MP 1,Rajasthan,Jaipur District,Irrigation,Water conservation and irrigation work at Jaipur,22.56,24.31,18.79,68.3,121,97,2026-02-28,2026-06-29,In Progress,26.838,75.7803,District Agency B,-22.706705059646236,-24,-19.834710743801654,0.0,0.0,False,17.548571428571428,3.937556558114645,0.3152789180564771,False,0.0,0.0,0.0,0.0,0.0,Low,No major anomaly signals detected,1,False,13.51
P0275,Demo MP 7,Tamil Nadu,Tiruchirappalli District,Irrigation,Construction of irrigation channel near Tiruchirappalli,21.5,21.3,17.11,71.8,234,131,2025-02-05,2025-09-27,In Progress,10.8617,78.6548,District Agency C,-19.671361502347423,-103,-44.01709401709402,0.0,0.0,False,17.548571428571428,3.937556558114645,-0.1113816200728866,False,0.0,0.0,0.0,0.0,0.0,Low,No major anomaly signals detected,1,False,7.96
P0276,Demo MP 5,Rajasthan,Jaipur District,Sports Facility,Construction of sports facility at Jaipur,29.29,29.59,24.16,72.4,131,95,2024-11-02,2025-03-13,In Progress,26.9758,75.8048,District Agency B,-18.350794187225414,-36,-27.480916030534353,0.0,0.0,False,22.43259259259259,8.23601032641813,0.2097383731861667,False,0.0,0.0,0.0,0.0,0.0,Low,No major anomaly signals detected,1,False,20.56
P0277,Demo MP 8,Tamil Nadu,Tiruchirappalli District,Community Hall,Community hall construction near Tiruchirappalli,27.63,29.39,20.34,61.4,189,153,2025-12-12,2026-06-19,In Progress,10.8569,78.7013,District Agency B,-30.792786662129977,-36,-19.047619047619047,100.0,1.0,True,22.6168,8.88503504026105,-0.2562510997067608,False,0.0,0.0,20.0,0.0,20.0,Low,Very high work-description similarity detected (100.0%),1,False,14.8
P0278,Demo MP 4,Kerala,Kochi District,Sports Facility,Development of playground near Kochi,22.94,24.21,13.33,75.8,264,222,2026-05-08,2027-01-27,In Progress,9.8531,76.3223,District Agency C,-44.940107393638996,-42,-15.909090909090908,0.0,0.0,False,22.43259259259259,8.23601032641813,-1.105218695925475,False,0.0,0.0,0.0,0.0,0.0,Low,No major anomaly signals detected,1,False,13.74
P0279,Demo MP 1,Madhya Pradesh,Bhopal District,Health Facility,Health facility improvement work at Bhopal,33.99,36.02,21.52,70.4,245,147,2024-10-01,2025-06-03,In Progress,23.3048,77.4592,District Agency C,-40.2554136590783,-98,-40.0,0.0,0.0,False,25.37185185185185,9.247370119718044,-0.4165348420129307,False,0.0,0.0,0.0,0.0,0.0,Low,No major anomaly signals detected,1,False,36.38
P0280,Demo MP 3,Madhya Pradesh,Bhopal District,Road,Road strengthening work at Bhopal,29.77,29.95,26.41,96.5,298,241,2025-03-20,2026-01-12,Completed,23.2572,77.4082,District Agency A,-11.819699499165273,-57,-19.12751677852349,0.0,0.0,False,25.5009375,8.495924396486027,0.1069998339881644,False,0.0,0.0,0.0,0.0,0.0,Low,No major anomaly signals detected,1,False,18.61
P0281,Demo MP 6,Kerala,Thrissur District,Sports Facility,Development of community sports ground at Thrissur,25.72,26.42,23.84,95.1,210,205,2024-01-28,2024-08-25,Completed,10.4517,76.1887,District Agency B,-9.765329295987895,-5,-2.380952380952381,100.0,1.0,True,22.43259259259259,8.23601032641813,0.1708846093712336,False,0.0,0.0,20.0,0.0,20.0,Low,Very high work-description similarity detected (100.0%),1,False,12.85
P0282,Demo MP 2,Odisha,Bhubaneswar District,Health Facility,Construction of patient waiting area at Bhubaneswar Health Centre,27.16,28.12,20.25,95.0,285,278,2024-01-12,2024-10-23,In Progress,20.311,85.8759,District Agency C,-27.98719772403983,-7,-2.456140350877193,100.0,1.0,True,25.37185185185185,9.247370119718044,-0.5538711855958479,False,0.0,0.0,20.0,0.0,20.0,Low,Very high work-description similarity detected (100.0%),1,False,21.23
P0283,Demo MP 4,Maharashtra,Nagpur District,Sanitation,Improvement of sanitation facilities in Nagpur,16.12,16.13,10.4,70.3,291,282,2024-01-21,2024-11-07,In Progress,21.0667,79.0626,District Agency C,-35.52386856788592,-9,-3.0927835051546393,100.0,1.0,True,12.356363636363636,3.614392586069444,-0.5412703766336375,False,0.0,0.0,20.0,0.0,20.0,Low,Very high work-description similarity detected (100.0%),1,False,29.83
P0284,Demo MP 7,Tamil Nadu,Kanchipuram District,Drinking Water,Installation of drinking water facility at Kanchipuram,14.6,14.43,11.17,61.7,144,151,2024-04-06,2024-08-28,In Progress,12.8148,79.6499,District Agency B,-22.59182259182259,7,4.861111111111112,100.0,1.0,True,16.293666666666667,4.728764862671517,-1.0835105604663222,False,0.0,2.43,20.0,0.0,22.43,Low,Execution delay of 4.9% beyond planned duration | Very high work-description similarity detected (100.0%),1,False,25.53
P0285,Demo MP 8,Bihar,Patna District,Drinking Water,Installation of drinking water facility at Patna,18.41,18.62,16.85,73.2,290,219,2025-09-27,2026-07-14,In Progress,25.5918,85.1542,District Agency A,-9.505907626208375,-71,-24.482758620689655,0.0,0.0,False,16.293666666666667,4.728764862671517,0.1176487623068307,False,0.0,0.0,0.0,0.0,0.0,Low,No major anomaly signals detected,1,False,6.15
P0286,Demo MP 2,Odisha,Bhubaneswar District,Sanitation,Construction of community toilet at Bhubaneswar,18.41,19.68,15.94,95.4,220,192,2026-02-03,2026-09-11,Completed,20.3155,85.8115,District Agency D,-19.00406504065041,-28,-12.727272727272727,0.0,0.0,False,12.356363636363636,3.614392586069444,0.9914906248558552,False,0.0,0.0,0.0,0.0,0.0,Low,No major anomaly signals detected,1,False,8.42
P0287,Demo MP 5,Karnataka,Mysuru District,Drainage,Drainage improvement work in Mysuru,17.02,17.94,14.69,60.8,271,247,2024-12-14,2025-09-11,In Progress,12.2733,76.677,District Agency B,-18.115942028985515,-24,-8.856088560885608,0.0,0.0,False,17.486666666666665,3.997159408046334,-0.6996635313159987,False,0.0,0.0,0.0,0.0,0.0,Low,No major anomaly signals detected,1,False,7.65
P0288,Demo MP 10,Uttar Pradesh,Lucknow District,School Building,Renovation and extension of classrooms at Lucknow School,27.06,28.55,15.78,57.9,280,274,2024-11-30,2025-09-06,In Progress,26.8068,80.9589,District Agency D,-44.72854640980736,-6,-2.142857142857143,0.0,0.0,False,19.797241379310343,7.108141658163006,-0.5651605683318,False,0.0,0.0,0.0,0.0,0.0,Low,No major anomaly signals detected,1,False,20.0
P0289,Demo MP 6,Rajasthan,Jaipur District,Health Facility,Construction of patient waiting area at Jaipur Health Centre,31.6,32.51,21.22,64.3,262,241,2025-03-11,2025-11-28,In Progress,26.9046,75.8133,District Agency C,-34.727776068901875,-21,-8.015267175572518,0.0,0.0,False,25.37185185185185,9.247370119718044,-0.4489764979773994,False,0.0,0.0,0.0,0.0,0.0,Low,No major anomaly signals detected,1,False,17.24
P0290,Demo MP 1,Odisha,Bhubaneswar District,Community Hall,Construction of community hall at Bhubaneswar,23.55,25.33,22.76,55.1,132,138,2025-07-16,2025-11-25,In Progress,20.2335,85.7787,District Agency A,-10.146071851559403,6,4.545454545454546,100.0,1.0,True,22.6168,8.88503504026105,0.0161169876484579,False,0.0,2.27,20.0,0.0,22.27,Low,Execution delay of 4.5% beyond planned duration | Very high work-description similarity detected (100.0%),1,False,24.09
P0291,Demo MP 7,Tamil Nadu,Coimbatore District,Bus Shelter,Construction of bus shelter at Main Bus Stop,27.55,26.62,19.17,99.6,214,230,2024-06-25,2025-01-25,Completed,11.0179,76.9352,District Agency C,-27.986476333583767,16,7.476635514018691,100.0,1.0,True,13.026363636363635,5.457277836548308,1.1257693941274896,False,0.0,3.74,20.0,0.84,24.58,Low,Execution delay of 7.5% beyond planned duration | Very high work-description similarity detected (100.0%) | Expenditure is above the Bus Shelter category baseline (z-score: 1.13),1,False,26.37
P0292,Demo MP 5,Madhya Pradesh,Indore District,Bus Shelter,Construction of bus shelter in Main Bus Stop,21.87,22.04,12.66,73.5,214,219,2024-06-10,2025-01-10,In Progress,22.7155,75.915,District Agency D,-42.5589836660617,5,2.336448598130841,100.0,1.0,True,13.026363636363635,5.457277836548308,-0.0671330372644831,False,0.0,1.17,20.0,0.0,21.17,Low,Execution delay of 2.3% beyond planned duration | Very high work-description similarity detected (100.0%),1,False,21.98
P0293,Demo MP 2,Tamil Nadu,Tiruchirappalli District,Drinking Water,Drinking water pipeline and supply system at Tiruchirappalli,17.7,18.47,14.85,79.8,171,141,2024-01-27,2024-07-16,In Progress,10.7248,78.7118,District Agency D,-19.59935029778018,-30,-17.543859649122805,0.0,0.0,False,16.293666666666667,4.728764862671517,-0.305294661204843,False,0.0,0.0,0.0,0.0,0.0,Low,No major anomaly signals detected,1,False,2.1
P0294,Demo MP 4,Tamil Nadu,Kanchipuram District,Drinking Water,Installation of drinking water facility at Kanchipuram,18.69,19.55,17.69,94.9,254,205,2024-01-11,2024-09-21,In Progress,12.8935,79.6452,District Agency D,-9.51406649616368,-49,-19.291338582677163,100.0,1.0,True,16.293666666666667,4.728764862671517,0.2952850001817336,False,0.0,0.0,20.0,0.0,20.0,Low,Very high work-description similarity detected (100.0%),1,False,8.34
P0295,Demo MP 10,Maharashtra,Nagpur District,Library,Development of reading room at Nagpur,19.07,19.06,13.87,89.9,220,175,2026-01-11,2026-08-19,In Progress,21.0916,79.1475,District Agency C,-27.229800629590766,-45,-20.454545454545457,100.0,1.0,True,19.273846153846154,8.047959282661948,-0.6714554539916578,False,0.0,0.0,20.0,0.0,20.0,Low,Very high work-description similarity detected (100.0%),1,False,8.82
P0296,Demo MP 3,Madhya Pradesh,Bhopal District,School Building,Construction of additional classrooms at Bhopal School,24.81,25.51,18.52,85.9,189,167,2024-11-15,2025-05-23,In Progress,23.3057,77.4357,District Agency C,-27.40101920815367,-22,-11.64021164021164,0.0,0.0,False,19.797241379310343,7.108141658163006,-0.1796871025837758,False,0.0,0.0,0.0,0.0,0.0,Low,No major anomaly signals detected,1,False,0.39
P0297,Demo MP 4,Karnataka,Hubballi District,Drinking Water,Water supply improvement work at Hubballi,17.66,18.63,15.53,81.9,232,141,2025-10-11,2026-05-31,In Progress,15.3876,75.0729,District Agency B,-16.639828234031132,-91,-39.224137931034484,100.0,1.0,True,16.293666666666667,4.728764862671517,-0.1614938972108741,False,0.0,0.0,20.0,0.0,20.0,Low,Very high work-description similarity detected (100.0%),1,False,10.03
P0298,Demo MP 6,Tamil Nadu,Madurai District,Library,Development of reading room at Madurai,17.99,18.72,10.86,78.2,151,127,2026-06-02,2026-10-31,In Progress,9.8788,78.1722,District Agency C,-41.98717948717949,-24,-15.894039735099339,0.0,0.0,False,19.273846153846154,8.047959282661948,-1.0454633104285769,False,0.0,0.0,0.0,0.0,0.0,Low,No major anomaly signals detected,1,False,11.51
P0299,Demo MP 2,Rajasthan,Jaipur District,Street Lighting,Installation of solar street lights near Jaipur,16.14,16.82,30.61,86.8,297,227,2024-12-18,2025-10-11,In Progress,26.8467,75.7322,District Agency C,81.98573127229488,-70,-23.56902356902357,0.0,0.0,False,14.468,6.960790783620301,2.318989393846508,True,30.0,0.0,0.0,8.79,38.79,Low,High cost overrun of 82.0% above sanctioned amount | Expenditure is notably above the Street Lighting category pattern (z-score: 2.32),1,False,59.23
P0300,Demo MP 10,Rajasthan,Jaipur District,Sanitation,Construction of public sanitation facility at Jaipur,14.55,14.69,11.32,80.8,263,215,2024-07-03,2025-03-23,In Progress,26.9277,75.7571,District Agency A,-22.940776038121165,-48,-18.250950570342205,0.0,0.0,False,12.356363636363636,3.614392586069444,-0.286732448588451,False,0.0,0.0,0.0,0.0,0.0,Low,No major anomaly signals detected,1,False,9.87
